{"stats":{"minecraft:killed_by":{"minecraft:zombie":1},"minecraft:crafted":{"minecraft:oak_planks":1,"minecraft:air":4},"minecraft:custom":{"minecraft:jump":80,"minecraft:time_since_rest":2897,"minecraft:walk_one_cm":5172,"minecraft:leave_game":4,"minecraft:play_time":6695,"minecraft:sprint_one_cm":5707,"minecraft:damage_taken":298,"minecraft:time_since_death":5296,"minecraft:deaths":1,"minecraft:total_world_time":6695,"minecraft:fall_one_cm":1647,"minecraft:fly_one_cm":19679},"minecraft:picked_up":{"minecraft:oak_log":1,"minecraft:egg":1},"minecraft:used":{"minecraft:egg":1},"minecraft:mined":{"minecraft:oak_log":1}},"DataVersion":3465}