{"stats":{"minecraft:custom":{"lootr:looted_stat":47,"minecraft:interact_with_crafting_table":2,"minecraft:eat_cake_slice":1,"minecraft:leave_game":6,"minecraft:time_since_death":119840,"minecraft:damage_resisted":0,"minecraft:sprint_one_cm":344516,"minecraft:drop":152,"minecraft:talked_to_villager":2,"minecraft:play_time":169567,"minecraft:deaths":5,"minecraft:jump":2785,"minecraft:walk_on_water_one_cm":13638,"minecraft:interact_with_furnace":68,"minecraft:sleep_in_bed":2,"minecraft:damage_dealt":7574,"minecraft:crouch_one_cm":5157,"tombstone:undead_killed":16,"tombstone:villager_killed":1,"minecraft:interact_with_smoker":6,"minecraft:mob_kills":41,"minecraft:damage_dealt_resisted":0,"minecraft:climb_one_cm":3790,"minecraft:walk_one_cm":326097,"minecraft:sneak_time":1813,"minecraft:walk_under_water_one_cm":6468,"minecraft:boat_one_cm":71952,"minecraft:total_world_time":169567,"tombstone:raider_killed":1,"minecraft:time_since_rest":29929,"minecraft:damage_taken":3778,"minecraft:damage_absorbed":199,"minecraft:swim_one_cm":22204,"minecraft:fly_one_cm":531419,"minecraft:open_chest":68,"minecraft:fall_one_cm":60592},"minecraft:picked_up":{"minecraft:flower_pot":6,"irons_spellbooks:affinity_ring":1,"minecraft:lead":5,"minecraft:diamond_sword":1,"ars_nouveau:bombegranate_pod":3,"croptopia:calamari":3,"forbidden_arcanus:artisan_relic":1,"minecraft:brewing_stand":1,"silentgear:sinew":4,"minecraft:string":4,"minecraft:raw_copper":358,"biomesoplenty:tall_lavender":1,"irons_spellbooks:arcane_essence":1,"mysticalagriculture:inferium_essence":58,"minecraft:cobbled_deepslate":147,"minecraft:spruce_planks":3,"twigs:pebble":29,"minecraft:azalea":3,"biomesoplenty:redwood_wood":64,"evilcraft:blood_extractor":3,"ae2:flawed_budding_quartz":2,"minecraft:furnace":2,"minecraft:tipped_arrow":1,"minecraft:stick":18,"apotheosis:gem":7,"railcraft:sulfur_dust":56,"forbidden_arcanus:tentacle":1,"potionsmaster:bezoar":2,"minecraft:torch":17,"mysticalagriculture:prosperity_shard":14,"twilightforest:fiery_boots":1,"tombstone:grave_dust":5,"aether:golden_gloves":1,"eidolon:tattered_cloth":2,"easy_villagers:villager":1,"minecraft:quartz_block":5,"minecraft:rotten_flesh":7,"minecraft:music_disc_ward":1,"aether:chainmail_gloves":1,"alltheores:osmium_dust":12,"occultism:datura":1,"ars_nouveau:sourceberry_bush":3,"minecraft:iron_bars":2,"minecraft:cobblestone":2724,"biomesoplenty:lavender":33,"occultism:datura_seeds":3,"minecraft:lilac":13,"minecraft:cooked_beef":11,"minecraft:smoker":1,"paraglider:spirit_orb":46,"minecraft:flint":14,"minecraft:tuff":46,"ae2:damaged_budding_quartz":2,"minecraft:dirt":16,"minecraft:polished_granite":2,"minecraft:bone":7,"alltheores:raw_tin":2,"sushigocrafting:wasabi_seeds":1,"theurgy:sal_ammoniac_crystal":4,"minecraft:bow":2,"minecraft:wheat_seeds":1,"ae2:logic_processor_press":1,"minecraft:mossy_stone_bricks":7,"minecraft:glowstone_dust":2,"twigs:twig":2,"ironfurnaces:iron_furnace":2,"minecraft:mossy_stone_brick_stairs":2,"irons_spellbooks:frozen_bone":13,"minecraft:cooked_porkchop":5,"quark:shale":122,"ae2:certus_quartz_crystal":4,"minecraft:ink_sac":4,"minecraft:mossy_cobblestone":4,"thermal:onion_seeds":1,"ae2:quartz_block":4,"quark:jasper":37,"alltheores:raw_nickel":7,"ae2:chipped_budding_quartz":1,"alltheores:raw_aluminum":2,"minecraft:granite":97,"minecraft:bread":60,"minecraft:chainmail_helmet":1,"croptopia:greenonion":1,"pneumaticcraft:programming_puzzle":6,"mekanismtools:osmium_paxel":1,"alltheores:osmium_ingot":1,"minecraft:allium":2,"minecraft:chicken":1,"functionalstorage:oak_2":3,"ae2:silicon_press":1,"enderio:broken_spawner":18,"minecraft:shield":1,"sushigocrafting:soy_seeds":2,"ars_nouveau:archwood_planks":3,"minecraft:item_frame":2,"minecraft:cracked_stone_bricks":7,"minecraft:beef":14,"thermal:niter":4,"minecraft:poppy":1,"minecraft:sugar_cane":17,"tombstone:tablet_of_assistance":1,"minecraft:egg":1,"minecraft:raw_iron":71,"ars_nouveau:purple_archwood_log":64,"minecraft:oak_door":1,"minecraft:copper_ingot":1,"ars_nouveau:purple_archwood_sapling":1,"minecraft:redstone":22,"crafting_on_a_stick:crafting_table":1,"croptopia:cantaloupe_seed":1,"minecraft:arrow":9,"alltheores:raw_osmium_block":1,"ae2:certus_quartz_dust":1,"ae2:calculation_processor_press":1,"alltheores:raw_osmium":62,"minecraft:mutton":8,"forbidden_arcanus:spawner_scrap":10,"minecraft:rail":1,"pneumaticcraft:nuke_virus":1,"minecraft:white_wool":11,"minecraft:oxeye_daisy":2,"artifacts:eternal_steak":2,"minecraft:leather":5,"croptopia:greenonion_seed":2,"minecraft:oak_log":1,"minecraft:gunpowder":2,"farmersdelight:flint_knife":1,"quark:limestone":174,"minecraft:stone_bricks":4,"twilightforest:ender_bow":1,"minecraft:iron_ingot":17,"botania:light_blue_shiny_flower":1,"minecraft:gray_bed":2,"minecraft:book":183,"minecraft:pumpkin":5,"thermal:strawberry_seeds":1,"sushigocrafting:cucumber_seeds":1,"minecraft:gravel":55,"minecraft:spruce_sapling":3,"minecraft:white_bed":1,"minecraft:spruce_log":23,"minecraft:spider_eye":2,"immersiveengineering:seed":4,"evilcraft:dark_gem":19,"ae2:engineering_processor_press":1,"twilightforest:fiery_leggings":1,"minecraft:terracotta":131,"minecraft:baked_potato":7,"tombstone:magic_scroll":1,"thermal:amaranth_seeds":1,"minecraft:coal":481},"minecraft:mined":{"minecraft:spruce_planks":3,"minecraft:white_bed":2,"minecraft:brewing_stand":1,"minecraft:granite":97,"minecraft:grass_block":5,"ae2:quartz_cluster":1,"railcraft:sulfur_ore":14,"ars_nouveau:sourceberry_bush":2,"mysticalagriculture:inferium_ore":14,"minecraft:chiseled_stone_bricks":1,"minecraft:spawner":10,"biomesoplenty:tall_lavender":1,"minecraft:glowstone":1,"minecraft:iron_ore":31,"biomesoplenty:lavender":33,"minecraft:pumpkin":5,"biomesoplenty:hanging_cobweb":1,"minecraft:iron_bars":1,"quark:limestone":174,"biomesoplenty:webbing":1,"alltheores:nickel_ore":6,"ae2:large_quartz_bud":1,"botania:potted_blue_mushroom":1,"minecraft:deepslate_redstone_ore":5,"minecraft:quartz_block":7,"ironfurnaces:iron_furnace":1,"alltheores:raw_osmium_block":1,"minecraft:torch":8,"minecraft:poppy":1,"minecraft:cobblestone":10,"minecraft:sugar_cane":6,"alltheores:deepslate_nickel_ore":1,"minecraft:wall_torch":8,"ars_nouveau:archwood_planks":3,"alltheores:deepslate_osmium_ore":62,"minecraft:lilac":13,"minecraft:potted_poppy":1,"ae2:flawed_budding_quartz":1,"minecraft:grass":39,"thermal:niter_ore":1,"ae2:quartz_block":3,"minecraft:oak_log":1,"botania:potted_brown_mystical_flower":1,"minecraft:dirt":12,"mysticalagriculture:deepslate_prosperity_ore":1,"mysticalagriculture:deepslate_inferium_ore":2,"minecraft:deepslate":151,"minecraft:infested_deepslate":2,"biomesoplenty:glowing_moss_block":1,"ae2:chipped_budding_quartz":2,"mysticalagriculture:prosperity_ore":4,"minecraft:tuff":46,"minecraft:mossy_cobblestone":4,"quark:shale":122,"minecraft:potted_azalea_bush":1,"quark:jasper":37,"alltheores:deepslate_tin_ore":2,"minecraft:furnace":2,"ae2:damaged_budding_quartz":1,"ars_nouveau:bombegranate_pod":1,"evilcraft:dark_ore":1,"ae2:mysterious_cube":1,"minecraft:mossy_stone_brick_stairs":2,"minecraft:bookshelf":55,"minecraft:deepslate_iron_ore":21,"minecraft:vine":1,"alltheores:aluminum_ore":2,"minecraft:stone":2628,"ars_nouveau:purple_archwood_log":64,"minecraft:potted_allium":1,"minecraft:redstone_block":1,"minecraft:polished_granite":2,"minecraft:potted_oxeye_daisy":1,"minecraft:tall_grass":1,"minecraft:copper_ore":93,"minecraft:deepslate_coal_ore":13,"biomesoplenty:sprout":13,"theurgy:sal_ammoniac_ore":4,"ae2:flawless_budding_quartz":2,"minecraft:gray_bed":2,"minecraft:spruce_log":23,"botania:potted_light_blue_shiny_flower":1,"minecraft:coal_ore":292,"minecraft:gravel":101,"minecraft:cracked_stone_bricks":7,"minecraft:terracotta":195,"minecraft:stone_bricks":4,"minecraft:polished_andesite":1,"minecraft:mossy_stone_bricks":9,"biomesoplenty:redwood_wood":64,"minecraft:fern":1},"minecraft:killed_by":{"minecraft:zombie":2,"minecraft:husk":1,"minecraft:skeleton":2},"minecraft:used":{"minecraft:iron_chestplate":1,"functionalstorage:oak_2":3,"quark:limestone":4,"minecraft:spruce_boat":2,"tombstone:tablet_of_cupidity":3,"minecraft:iron_helmet":1,"ironfurnaces:iron_furnace":2,"silentgear:paxel":113,"minecraft:furnace":1,"ars_nouveau:sourceberry_bush":4,"minecraft:gray_bed":1,"minecraft:egg":1,"mekanismtools:osmium_paxel":461,"artifacts:eternal_steak":1,"minecraft:golden_apple":5,"easy_villagers:villager":1,"minecraft:bread":5,"minecraft:polished_granite":2,"minecraft:chainmail_boots":2,"minecraft:trident":32,"vanillaplustools:stone_hammer":392,"minecraft:cooked_chicken":3,"minecraft:torch":34,"evilcraft:box_of_eternal_closure":2,"tombstone:gift":2,"minecraft:cooked_beef":10,"minecraft:cobbled_deepslate":1,"minecraft:baked_potato":7,"mekanismtools:stone_paxel":341,"minecraft:cauldron":1,"minecraft:white_bed":3,"minecraft:smoker":2,"tombstone:bag_of_seeds":1,"minecraft:apple":1,"tombstone:tablet_of_assistance":3,"silentgear:hammer":15,"minecraft:cobblestone":150,"vanillaplustools:iron_hammer":10,"minecraft:cooked_porkchop":4,"minecraft:chainmail_leggings":1},"minecraft:dropped":{"forbidden_arcanus:artisan_relic":1,"alltheores:raw_nickel":7,"quark:limestone":170,"minecraft:item_frame":2,"twigs:pebble":29,"minecraft:dirt":14,"minecraft:mutton":3,"mekanismtools:osmium_paxel":2,"pneumaticcraft:nuke_virus":1,"alltheores:raw_tin":2,"ae2:silicon_press":1,"sushigocrafting:soy_seeds":2,"minecraft:gold_ingot":5,"minecraft:gravel":55,"twilightforest:fiery_boots":1,"ae2:calculation_processor_press":1,"pneumaticcraft:spawner_agitator":1,"ae2:engineering_processor_press":1,"minecraft:compass":1,"minecraft:cobbled_deepslate":146,"minecraft:rotten_flesh":4,"thermal:strawberry_seeds":1,"quark:shale":122,"minecraft:white_bed":1,"patchouli:guide_book":1,"crafting_on_a_stick:crafting_table":2,"minecraft:gunpowder":2,"apotheosis:gem":1,"minecraft:azalea":3,"ae2:damaged_budding_quartz":2,"minecraft:arrow":1,"immersiveengineering:seed":4,"botania:black_lotus":1,"biomesoplenty:tall_lavender":1,"minecraft:iron_ingot":23,"thermal:onion_seeds":1,"minecraft:wheat_seeds":1,"minecraft:lilac":13,"mekanismtools:osmium_boots":1,"sushigocrafting:wasabi_seeds":1,"biomesoplenty:lavender":33,"minecraft:cobblestone":1556,"minecraft:lead":5,"eidolon:tattered_cloth":2,"minecraft:granite":71,"evilcraft:dark_gem":28,"minecraft:chainmail_helmet":2,"ae2:quartz_block":4,"silentgear:sinew":3,"mekanismtools:osmium_helmet":1,"minecraft:stick":31,"minecraft:oxeye_daisy":2,"evilcraft:blood_extractor":1,"ars_nouveau:bombegranate_pod":3,"irons_spellbooks:affinity_ring":1,"minecraft:torch":28,"ae2:chipped_budding_quartz":1,"tombstone:grave_key":2,"minecraft:gray_bed":1,"potionsmaster:bezoar":1,"quark:jasper":4,"minecraft:spruce_sapling":3,"silentgear:hammer":1,"sushigocrafting:cucumber_seeds":1,"thermal:amaranth_seeds":1,"minecraft:tuff":46,"minecraft:chicken":1,"theurgy:sal_ammoniac_crystal":4,"ae2:logic_processor_press":1,"sophisticatedbackpacks:backpack":1,"ae2:flawed_budding_quartz":2,"evilcraft:origins_of_darkness":1,"pneumaticcraft:ingot_iron_compressed":1,"mekanismtools:osmium_chestplate":1,"minecraft:diamond_sword":1,"farmersdelight:flint_knife":1,"minecraft:allium":1,"minecraft:spruce_planks":5,"ae2:certus_quartz_dust":1,"artifacts:eternal_steak":2,"easy_villagers:villager":1,"minecraft:wooden_pickaxe":1,"thermal:niter":4,"ae2:certus_quartz_crystal":4},"minecraft:killed":{"minecraft:spider":3,"minecraft:skeleton":8,"minecraft:chicken":1,"minecraft:silverfish":2,"irons_spellbooks:necromancer":1,"minecraft:creeper":1,"minecraft:sheep":5,"minecraft:trader_llama":3,"minecraft:pillager":1,"minecraft:zombie":4,"minecraft:stray":1,"eidolon:zombie_brute":1,"minecraft:cow":5,"eidolon:wraith":1,"minecraft:wandering_trader":1,"minecraft:squid":2},"minecraft:crafted":{"minecraft:oak_planks":1,"alltheores:copper_dust":15,"alltheores:iron_ore_hammer":1,"mekanismtools:osmium_chestplate":2,"ironfurnaces:iron_furnace":1,"vanillaplustools:iron_hammer":1,"alltheores:osmium_dust":71,"mekanismtools:osmium_boots":2,"minecraft:copper_block":4,"mekanismtools:osmium_pickaxe":2,"minecraft:crafting_table":3,"minecraft:spruce_planks":30,"minecraft:wooden_pickaxe":1,"minecraft:copper_ingot":40,"mekanismtools:osmium_leggings":1,"mekanismtools:stone_paxel":2,"minecraft:stick":37,"minecraft:iron_ingot":15,"minecraft:compass":1,"minecraft:iron_pickaxe":5,"minecraft:iron_block":2,"alltheores:osmium_nugget":1,"mekanismtools:osmium_paxel":2,"minecraft:stone_shovel":2,"vanillaplustools:stone_hammer":3,"alltheores:raw_osmium":1,"mekanismtools:osmium_shovel":2,"minecraft:furnace":1,"minecraft:quartz":2,"minecraft:raw_copper_block":40,"mekanismtools:osmium_axe":2,"alltheores:copper_ore_hammer":1,"minecraft:stone_pickaxe":29,"minecraft:spruce_boat":2,"mekanismtools:osmium_helmet":2,"sophisticatedbackpacks:iron_backpack":1,"minecraft:cooked_beef":2,"minecraft:coal_block":35,"alltheores:osmium_ingot":1,"biomesoplenty:redwood_planks":64,"sophisticatedbackpacks:gold_backpack":1,"crafting_on_a_stick:crafting_table":3,"minecraft:stone_axe":2,"minecraft:orange_dye":1,"minecraft:air":1012,"minecraft:white_wool":4,"alltheores:iron_dust":41,"minecraft:white_bed":3,"minecraft:torch":33},"minecraft:broken":{"mekanismtools:stone_paxel":1,"vanillaplustools:stone_hammer":3}},"DataVersion":3465}