{"stats":{"minecraft:custom":{"lootr:looted_stat":12,"minecraft:mob_kills":11,"minecraft:interact_with_crafting_table":2,"minecraft:damage_dealt_resisted":0,"minecraft:eat_cake_slice":1,"minecraft:leave_game":6,"minecraft:time_since_death":35840,"minecraft:climb_one_cm":2400,"minecraft:damage_resisted":0,"minecraft:sprint_one_cm":177440,"minecraft:walk_one_cm":160183,"minecraft:drop":58,"minecraft:talked_to_villager":1,"minecraft:play_time":85567,"minecraft:deaths":5,"minecraft:sneak_time":624,"minecraft:walk_under_water_one_cm":643,"minecraft:jump":1540,"minecraft:walk_on_water_one_cm":2153,"minecraft:total_world_time":85567,"minecraft:interact_with_furnace":25,"tombstone:raider_killed":1,"minecraft:sleep_in_bed":1,"minecraft:time_since_rest":33441,"minecraft:damage_absorbed":40,"minecraft:damage_taken":2381,"minecraft:damage_dealt":1621,"minecraft:fly_one_cm":343777,"minecraft:open_chest":19,"minecraft:crouch_one_cm":2260,"tombstone:undead_killed":2,"minecraft:interact_with_smoker":5,"minecraft:fall_one_cm":29979},"minecraft:picked_up":{"minecraft:chicken":1,"minecraft:flower_pot":2,"irons_spellbooks:affinity_ring":1,"minecraft:lead":4,"sushigocrafting:soy_seeds":2,"silentgear:sinew":3,"minecraft:item_frame":2,"biomesoplenty:tall_lavender":1,"mysticalagriculture:inferium_essence":2,"twigs:pebble":29,"minecraft:beef":12,"minecraft:azalea":3,"biomesoplenty:redwood_wood":64,"minecraft:egg":1,"minecraft:furnace":1,"minecraft:stick":18,"minecraft:raw_iron":36,"apotheosis:gem":6,"railcraft:sulfur_dust":56,"minecraft:torch":10,"potionsmaster:bezoar":2,"easy_villagers:villager":1,"crafting_on_a_stick:crafting_table":1,"eidolon:tattered_cloth":2,"minecraft:arrow":1,"minecraft:rotten_flesh":3,"minecraft:mutton":5,"minecraft:white_wool":9,"pneumaticcraft:nuke_virus":1,"minecraft:cobblestone":1341,"minecraft:oxeye_daisy":2,"biomesoplenty:lavender":33,"minecraft:cooked_beef":8,"minecraft:lilac":13,"minecraft:leather":1,"minecraft:smoker":1,"paraglider:spirit_orb":2,"minecraft:flint":14,"minecraft:oak_log":1,"farmersdelight:flint_knife":1,"minecraft:dirt":6,"sushigocrafting:wasabi_seeds":1,"minecraft:bone":1,"minecraft:wheat_seeds":1,"minecraft:gray_bed":2,"thermal:strawberry_seeds":1,"sushigocrafting:cucumber_seeds":1,"minecraft:gravel":55,"minecraft:spruce_sapling":2,"minecraft:spruce_log":14,"thermal:onion_seeds":1,"immersiveengineering:seed":4,"alltheores:raw_aluminum":2,"minecraft:chainmail_helmet":1,"minecraft:baked_potato":7,"thermal:amaranth_seeds":1,"minecraft:coal":275},"minecraft:mined":{"minecraft:grass_block":2,"railcraft:sulfur_ore":14,"minecraft:potted_azalea_bush":1,"biomesoplenty:tall_lavender":1,"minecraft:furnace":1,"minecraft:iron_ore":17,"biomesoplenty:lavender":33,"minecraft:vine":1,"alltheores:aluminum_ore":2,"minecraft:stone":1416,"minecraft:torch":4,"minecraft:poppy":1,"minecraft:potted_oxeye_daisy":1,"minecraft:tall_grass":1,"minecraft:cobblestone":6,"biomesoplenty:sprout":13,"minecraft:wall_torch":5,"minecraft:lilac":13,"minecraft:gray_bed":2,"minecraft:spruce_log":14,"minecraft:grass":39,"minecraft:oak_log":1,"minecraft:coal_ore":215,"minecraft:gravel":101,"biomesoplenty:redwood_wood":64,"minecraft:fern":1},"minecraft:killed_by":{"minecraft:husk":1,"minecraft:skeleton":2,"minecraft:zombie":2},"minecraft:used":{"minecraft:trident":32,"vanillaplustools:stone_hammer":161,"minecraft:iron_chestplate":1,"minecraft:torch":6,"tombstone:tablet_of_cupidity":3,"minecraft:iron_helmet":1,"ironfurnaces:iron_furnace":1,"minecraft:furnace":1,"tombstone:gift":1,"minecraft:egg":1,"minecraft:cooked_beef":7,"minecraft:baked_potato":5,"mekanismtools:stone_paxel":263,"minecraft:golden_apple":1,"minecraft:smoker":2,"tombstone:bag_of_seeds":1,"easy_villagers:villager":1,"silentgear:hammer":15,"minecraft:cobblestone":10,"minecraft:chainmail_boots":1,"minecraft:chainmail_leggings":1},"minecraft:dropped":{"thermal:onion_seeds":1,"minecraft:wheat_seeds":1,"minecraft:lilac":13,"sushigocrafting:wasabi_seeds":1,"biomesoplenty:lavender":33,"minecraft:cobblestone":196,"minecraft:lead":4,"eidolon:tattered_cloth":2,"silentgear:sinew":2,"minecraft:chainmail_helmet":2,"minecraft:item_frame":2,"minecraft:stick":31,"minecraft:oxeye_daisy":2,"twigs:pebble":29,"minecraft:dirt":6,"irons_spellbooks:affinity_ring":1,"tombstone:grave_key":2,"minecraft:gray_bed":1,"pneumaticcraft:nuke_virus":1,"potionsmaster:bezoar":1,"sushigocrafting:soy_seeds":2,"minecraft:spruce_sapling":2,"minecraft:gold_ingot":5,"minecraft:gravel":55,"thermal:amaranth_seeds":1,"silentgear:hammer":1,"sushigocrafting:cucumber_seeds":1,"minecraft:chicken":1,"minecraft:rotten_flesh":2,"sophisticatedbackpacks:backpack":1,"thermal:strawberry_seeds":1,"patchouli:guide_book":1,"crafting_on_a_stick:crafting_table":2,"apotheosis:gem":1,"minecraft:azalea":3,"easy_villagers:villager":1,"minecraft:wooden_pickaxe":1,"immersiveengineering:seed":4,"biomesoplenty:tall_lavender":1},"minecraft:killed":{"minecraft:skeleton":1,"minecraft:chicken":1,"minecraft:sheep":3,"minecraft:pillager":1,"eidolon:zombie_brute":1,"minecraft:cow":4},"minecraft:crafted":{"minecraft:oak_planks":1,"minecraft:stone_shovel":1,"vanillaplustools:stone_hammer":2,"alltheores:iron_ore_hammer":1,"minecraft:furnace":1,"ironfurnaces:iron_furnace":1,"minecraft:stone_pickaxe":19,"minecraft:cooked_beef":2,"minecraft:crafting_table":3,"minecraft:spruce_planks":14,"biomesoplenty:redwood_planks":64,"minecraft:wooden_pickaxe":1,"crafting_on_a_stick:crafting_table":3,"minecraft:stone_axe":1,"mekanismtools:stone_paxel":1,"minecraft:air":494,"minecraft:stick":31,"minecraft:iron_ingot":15,"minecraft:iron_block":2,"alltheores:iron_dust":5,"minecraft:torch":33},"minecraft:broken":{"mekanismtools:stone_paxel":1,"vanillaplustools:stone_hammer":1}},"DataVersion":3465}