{"stats":{"minecraft:custom":{"lootr:looted_stat":10,"minecraft:mob_kills":11,"tombstone:raider_killed":1,"minecraft:interact_with_crafting_table":2,"minecraft:damage_dealt_resisted":0,"minecraft:eat_cake_slice":1,"minecraft:leave_game":6,"minecraft:time_since_death":11840,"minecraft:sleep_in_bed":1,"minecraft:climb_one_cm":2400,"minecraft:damage_resisted":0,"minecraft:time_since_rest":9441,"minecraft:sprint_one_cm":146424,"minecraft:damage_taken":1808,"minecraft:walk_one_cm":107111,"minecraft:drop":51,"minecraft:damage_dealt":1597,"minecraft:talked_to_villager":1,"minecraft:fly_one_cm":318440,"minecraft:crouch_one_cm":1853,"minecraft:play_time":61567,"tombstone:undead_killed":2,"minecraft:deaths":5,"minecraft:sneak_time":424,"minecraft:jump":1303,"minecraft:interact_with_smoker":2,"minecraft:total_world_time":61567,"minecraft:fall_one_cm":26792},"minecraft:picked_up":{"biomesoplenty:lavender":33,"minecraft:lilac":13,"minecraft:cooked_beef":8,"minecraft:chicken":1,"minecraft:flower_pot":2,"irons_spellbooks:affinity_ring":1,"minecraft:leather":1,"minecraft:lead":4,"minecraft:smoker":1,"minecraft:oak_log":1,"sushigocrafting:soy_seeds":2,"farmersdelight:flint_knife":1,"minecraft:dirt":6,"silentgear:sinew":3,"biomesoplenty:tall_lavender":1,"minecraft:item_frame":2,"minecraft:bone":1,"sushigocrafting:wasabi_seeds":1,"minecraft:wheat_seeds":1,"mysticalagriculture:inferium_essence":2,"minecraft:beef":12,"minecraft:azalea":3,"biomesoplenty:redwood_wood":64,"minecraft:gray_bed":2,"minecraft:egg":1,"minecraft:raw_iron":14,"minecraft:stick":18,"apotheosis:gem":6,"thermal:strawberry_seeds":1,"potionsmaster:bezoar":2,"sushigocrafting:cucumber_seeds":1,"minecraft:spruce_sapling":2,"minecraft:spruce_log":8,"thermal:onion_seeds":1,"eidolon:tattered_cloth":2,"crafting_on_a_stick:crafting_table":1,"easy_villagers:villager":1,"minecraft:arrow":1,"minecraft:rotten_flesh":3,"immersiveengineering:seed":4,"pneumaticcraft:nuke_virus":1,"minecraft:chainmail_helmet":1,"minecraft:baked_potato":7,"minecraft:coal":43,"thermal:amaranth_seeds":1,"minecraft:mutton":5,"minecraft:white_wool":9,"minecraft:cobblestone":267,"minecraft:oxeye_daisy":2},"minecraft:mined":{"minecraft:grass_block":2,"minecraft:poppy":1,"minecraft:potted_azalea_bush":1,"minecraft:potted_oxeye_daisy":1,"minecraft:tall_grass":1,"biomesoplenty:sprout":13,"biomesoplenty:tall_lavender":1,"minecraft:iron_ore":14,"minecraft:lilac":13,"biomesoplenty:lavender":33,"minecraft:spruce_log":8,"minecraft:gray_bed":2,"minecraft:grass":39,"minecraft:coal_ore":22,"minecraft:oak_log":1,"minecraft:vine":1,"minecraft:stone":275,"biomesoplenty:redwood_wood":64,"minecraft:fern":1},"minecraft:killed_by":{"minecraft:husk":1,"minecraft:skeleton":2,"minecraft:zombie":2},"minecraft:used":{"minecraft:trident":32,"minecraft:baked_potato":1,"vanillaplustools:stone_hammer":36,"minecraft:iron_chestplate":1,"minecraft:smoker":1,"easy_villagers:villager":1,"minecraft:iron_helmet":1,"minecraft:chainmail_boots":1,"tombstone:gift":1,"minecraft:egg":1,"minecraft:cooked_beef":5},"minecraft:dropped":{"thermal:onion_seeds":1,"minecraft:wheat_seeds":1,"minecraft:lilac":13,"sushigocrafting:cucumber_seeds":1,"thermal:amaranth_seeds":1,"sushigocrafting:wasabi_seeds":1,"biomesoplenty:lavender":33,"minecraft:chicken":1,"minecraft:lead":4,"minecraft:cobblestone":68,"minecraft:rotten_flesh":2,"eidolon:tattered_cloth":2,"thermal:strawberry_seeds":1,"minecraft:chainmail_helmet":2,"silentgear:sinew":2,"patchouli:guide_book":1,"minecraft:item_frame":2,"minecraft:stick":31,"minecraft:oxeye_daisy":2,"minecraft:dirt":6,"crafting_on_a_stick:crafting_table":2,"irons_spellbooks:affinity_ring":1,"tombstone:grave_key":2,"minecraft:gray_bed":1,"apotheosis:gem":1,"minecraft:azalea":3,"easy_villagers:villager":1,"pneumaticcraft:nuke_virus":1,"potionsmaster:bezoar":1,"immersiveengineering:seed":4,"biomesoplenty:tall_lavender":1,"sushigocrafting:soy_seeds":2,"minecraft:spruce_sapling":2,"minecraft:gold_ingot":5},"minecraft:killed":{"minecraft:sheep":3,"minecraft:skeleton":1,"minecraft:pillager":1,"minecraft:chicken":1,"eidolon:zombie_brute":1,"minecraft:cow":4},"minecraft:crafted":{"minecraft:cooked_beef":2,"minecraft:oak_planks":1,"minecraft:stone_shovel":1,"vanillaplustools:stone_hammer":1,"minecraft:crafting_table":3,"minecraft:spruce_planks":8,"biomesoplenty:redwood_planks":64,"crafting_on_a_stick:crafting_table":3,"minecraft:stone_axe":1,"mekanismtools:stone_paxel":1,"minecraft:air":353,"minecraft:stick":21,"minecraft:stone_pickaxe":10,"minecraft:torch":4}},"DataVersion":3465}