{"stats":{"minecraft:picked_up":{"biomesoplenty:lavender":33,"apotheosis:gem":4,"minecraft:chicken":1,"minecraft:leather":1,"thermal:strawberry_seeds":1,"potionsmaster:bezoar":1,"minecraft:oak_log":1,"sushigocrafting:soy_seeds":2,"thermal:onion_seeds":1,"silentgear:sinew":2,"biomesoplenty:tall_lavender":1,"minecraft:item_frame":2,"sushigocrafting:wasabi_seeds":1,"immersiveengineering:seed":3,"minecraft:wheat_seeds":1,"mysticalagriculture:inferium_essence":1,"minecraft:beef":7,"minecraft:gray_bed":1,"minecraft:mutton":1,"minecraft:white_wool":1,"minecraft:egg":1},"minecraft:crafted":{"minecraft:oak_planks":1,"minecraft:air":4},"minecraft:dropped":{"thermal:onion_seeds":1,"minecraft:wheat_seeds":1,"sushigocrafting:wasabi_seeds":1,"biomesoplenty:lavender":33,"potionsmaster:bezoar":1,"thermal:strawberry_seeds":1,"immersiveengineering:seed":3,"silentgear:sinew":2,"biomesoplenty:tall_lavender":1,"sushigocrafting:soy_seeds":2,"minecraft:gold_ingot":5,"minecraft:item_frame":2},"minecraft:killed":{"minecraft:sheep":1,"minecraft:chicken":1,"minecraft:cow":3},"minecraft:custom":{"minecraft:time_since_rest":16289,"lootr:looted_stat":4,"minecraft:sprint_one_cm":29349,"minecraft:damage_taken":306,"minecraft:walk_one_cm":34386,"minecraft:mob_kills":5,"minecraft:drop":13,"minecraft:damage_dealt":435,"minecraft:fly_one_cm":65012,"minecraft:crouch_one_cm":353,"minecraft:play_time":20087,"minecraft:deaths":1,"minecraft:sneak_time":78,"minecraft:jump":272,"minecraft:leave_game":4,"minecraft:time_since_death":18688,"minecraft:total_world_time":20087,"minecraft:climb_one_cm":728,"minecraft:damage_resisted":0,"minecraft:fall_one_cm":7313},"minecraft:used":{"minecraft:trident":9,"minecraft:egg":1,"minecraft:cooked_beef":1},"minecraft:mined":{"biomesoplenty:tall_lavender":1,"biomesoplenty:lavender":33,"minecraft:gray_bed":1,"minecraft:grass":33,"minecraft:oak_log":1,"minecraft:vine":1,"minecraft:tall_grass":1},"minecraft:killed_by":{"minecraft:zombie":1}},"DataVersion":3465}