{"stats":{"minecraft:dropped":{"minecraft:iron_sword":1,"occultism:datura_seeds":5,"productivebees:advanced_oak_beehive":1,"minecraft:cooked_beef":4,"minecraft:diamond":9,"minecraft:cracked_stone_bricks":1,"quark:limestone":297,"delightful:cantaloupe_seeds":2,"minecraft:item_frame":2,"twigs:pebble":80,"minecraft:dirt":463,"constructionwand:iron_wand":4,"ironjetpacks:jetpack":4,"mekanismtools:osmium_paxel":2,"hostilenetworks:blank_data_model":4,"minecraft:gold_nugget":3,"pneumaticcraft:nuke_virus":1,"biomesoplenty:wilted_lily":2,"alltheores:raw_tin":2,"minecraft:iron_pickaxe":4,"vanillaplustools:iron_hammer":1,"enderchests:ender_chest":1,"sushigocrafting:soy_seeds":5,"pneumaticcraft:spawner_agitator":1,"minecraft:compass":1,"sophisticatedbackpacks:advanced_magnet_upgrade":1,"croptopia:toast":2,"minecraft:golden_chestplate":1,"minecraft:cobbled_deepslate":1344,"reliquary:bullets/empty_bullet":8,"powah:book":2,"minecraft:obsidian":33,"croptopia:fruit_salad":1,"tombstone:gift":1,"minecraft:rotten_flesh":45,"thermal:strawberry_seeds":3,"mekanism:cardboard_box":16,"minecraft:white_bed":2,"hostilenetworks:deep_learner":1,"biomesoplenty:white_petals":3,"thermal:eggplant_seeds":1,"corn_delight:corn_seeds":6,"mekanismtools:refined_obsidian_helmet":1,"supplementaries:flax_seeds":2,"forbidden_arcanus:zombie_arm":1,"apotheosis:gem":7,"ae2:damaged_budding_quartz":2,"botania:black_lotus":2,"ironfurnaces:augment_blasting":2,"biomesoplenty:tall_lavender":1,"ironfurnaces:augment_generator":1,"thermal:onion_seeds":1,"minecraft:enchanted_book":3,"minecraft:iron_ingot":61,"botania:blue_double_flower":1,"apotheosis:potion_charm":15,"minecraft:wheat_seeds":6,"minecraft:tnt":1,"sushigocrafting:wasabi_seeds":2,"evilcraft:condensed_blood":27,"biomesoplenty:lavender":35,"minecraft:feather":25,"minecraft:cobblestone":2927,"minecraft:book":313,"eidolon:tattered_cloth":2,"minecraft:granite":71,"silentgear:sinew":6,"minecraft:chainmail_helmet":2,"mekanismtools:refined_obsidian_leggings":1,"ae2:quartz_block":4,"mekanismtools:refined_obsidian_paxel":1,"minecraft:oxeye_daisy":2,"quarryplus:solid_fuel_quarry":4,"minecraft:ink_sac":1,"ae2:chipped_budding_quartz":1,"minecraft:gray_bed":1,"minecraft:rose_bush":3,"minecraft:potion":1,"quark:jasper":65,"mekanism:salt":4,"gtceu:red_granite_cobblestone":3,"powah:uraninite_raw":4,"artifacts:bunny_hoppers":1,"minecraft:spruce_sapling":3,"silentgear:pickaxe":3,"ars_elemental:flashpine_pod":18,"twigs:rhyolite":3,"silentgear:hammer":1,"thermal:amaranth_seeds":1,"sushigocrafting:cucumber_seeds":4,"minecraft:deepslate":1,"minecraft:chicken":1,"minecraft:clay_ball":33,"minecraft:iron_boots":2,"sushigocrafting:rice_seeds":2,"sophisticatedbackpacks:backpack":1,"supplementaries:pedestal":1,"evilcraft:origins_of_darkness":1,"minecraft:diamond_sword":2,"thermal:tomato_seeds":2,"minecraft:allium":1,"silentgear:paxel":2,"minecraft:bundle":1,"minecraft:spruce_planks":5,"minecraft:diamond_pickaxe":1,"artifacts:eternal_steak":3,"easy_villagers:villager":1,"minecraft:stone_bricks":5,"minecraft:spider_eye":5,"mekanismtools:refined_obsidian_chestplate":1,"ae2:certus_quartz_crystal":4,"minecraft:black_wool":1,"functionalstorage:void_upgrade":1,"forbidden_arcanus:artisan_relic":1,"alltheores:raw_silver":2,"sophisticatedbackpacks:stack_upgrade_tier_1":1,"minecraft:oak_log":25,"alltheores:raw_nickel":7,"ars_elemental:yellow_archwood_sapling":1,"minecraft:ender_pearl":2,"minecraft:leather":1,"minecraft:chest_minecart":2,"minecraft:honeycomb":3,"silentgear:pickaxe_head":1,"reliquary:chelicerae":1,"paraglider:spirit_orb":8,"minecraft:flint":1,"minecraft:cobblestone_stairs":10,"minecraft:cracked_polished_blackstone_bricks":12,"evilcraft:vengeance_ring":1,"sophisticatedbackpacks:stack_upgrade_starter_tier":2,"minecraft:mutton":11,"minecraft:polished_blackstone_bricks":14,"ae2:silicon_press":1,"croptopia:calamari":2,"thermal:green_bean_seeds":1,"minecraft:gold_ingot":5,"minecraft:gravel":203,"ae2:calculation_processor_press":1,"twilightforest:fiery_boots":3,"ae2:engineering_processor_press":1,"minecraft:blackstone":2,"mysticalagriculture:prudentium_essence":1,"artifacts:villager_hat":2,"minecraft:honey_bottle":2,"quark:shale":122,"sophisticatedbackpacks:diamond_backpack":1,"reliquary:handgun":1,"patchouli:guide_book":5,"minecraft:poppy":49,"minecraft:turtle_helmet":1,"crafting_on_a_stick:crafting_table":3,"quark:blaze_lantern":1,"supplementaries:ash":11,"minecraft:gunpowder":2,"minecraft:skeleton_skull":1,"minecraft:melon_seeds":11,"twilightforest:fiery_leggings":1,"minecraft:azalea":3,"minecraft:arrow":1,"immersiveengineering:seed":14,"minecraft:netherrack":67,"minecraft:bread":20,"minecraft:lilac":13,"mekanismtools:osmium_boots":4,"minecraft:diamond_leggings":1,"minecraft:lead":5,"evilcraft:dark_gem":28,"silentgear:flax_seeds":1,"powah:dry_ice":1,"evilcraft:vengeance_pickaxe":10,"mekanismtools:osmium_helmet":2,"minecraft:stick":31,"evilcraft:blood_extractor":5,"ars_nouveau:bombegranate_pod":3,"irons_spellbooks:affinity_ring":1,"tombstone:magic_scroll":1,"minecraft:torch":33,"tombstone:grave_key":2,"forbidden_arcanus:spawner_scrap":4,"potionsmaster:bezoar":2,"minecraft:redstone":256,"minecraft:dandelion":2,"enderio:broken_spawner":4,"twigs:petrified_lichen":4,"minecraft:raw_copper":12,"minecraft:tuff":144,"alltheores:raw_osmium":3,"minecraft:raw_iron":5,"theurgy:sal_ammoniac_crystal":4,"ae2:logic_processor_press":1,"ae2:flawed_budding_quartz":2,"thermal:tin_gear":1,"pneumaticcraft:ingot_iron_compressed":1,"mekanismtools:osmium_chestplate":3,"thermal:sadiroot_seeds":2,"farmersdelight:flint_knife":1,"thermal:hops_seeds":1,"minecraft:diamond_chestplate":1,"sophisticatedbackpacks:advanced_feeding_upgrade":1,"croptopia:kiwi_seed":4,"minecraft:mossy_stone_bricks":2,"minecraft:golden_leggings":1,"ae2:certus_quartz_dust":17,"minecraft:diamond_boots":1,"alltheores:platinum_ore_hammer":1,"minecraft:wooden_pickaxe":1,"ironjetpacks:cell":1,"thermal:niter":4},"minecraft:mined":{"mekanismgenerators:wind_generator":1,"thermal:cinnabar_ore":4,"minecraft:white_bed":3,"minecraft:red_nether_bricks":2,"minecraft:obsidian":1,"minecraft:granite":97,"gtceu:coal_ore":219,"gtceu:netherrack_bornite_ore":2,"railcraft:sulfur_ore":25,"biomesoplenty:wilted_lily":2,"minecraft:chiseled_stone_bricks":1,"mysticalagriculture:inferium_ore":41,"minecraft:spawner":29,"minecraft:polished_blackstone_bricks":16,"biomesoplenty:tall_lavender":1,"refinedstorage:crafting_grid":1,"minecraft:fire":2,"minecraft:cobbled_deepslate":6,"biomesoplenty:lavender":33,"minecraft:pumpkin":5,"minecraft:deepslate_lapis_ore":9,"biomesoplenty:webbing":65,"quark:limestone":363,"alltheores:nickel_ore":6,"ae2:large_quartz_bud":1,"botanypots:terracotta_hopper_botany_pot":12,"powah:uraninite_ore":7,"mekanism:block_salt":1,"ironfurnaces:iron_furnace":3,"alltheores:raw_osmium_block":3,"minecraft:torch":10,"minecraft:blast_furnace":1,"minecraft:melon":6,"powah:dry_ice":8,"minecraft:damaged_anvil":1,"minecraft:sugar_cane":6,"mekanism:cardboard_box":2,"forbidden_arcanus:darkstone":26,"alltheores:deepslate_osmium_ore":161,"minecraft:lilac":13,"minecraft:potted_poppy":1,"ae2:flawed_budding_quartz":1,"thermal:niter_ore":1,"minecraft:grass":205,"botania:potted_brown_mystical_flower":1,"gtceu:netherrack_stibnite_ore":1,"alltheores:raw_platinum_block":7,"twigs:rhyolite":67,"minecraft:deepslate":4053,"minecraft:infested_deepslate":2,"mysticalagriculture:deepslate_inferium_ore":36,"powah:deepslate_uraninite_ore":1,"minecraft:mossy_cobblestone":4,"quark:shale":511,"sophisticatedstorage:iron_chest":15,"mekanismgenerators:solar_generator":1,"mekanism:basic_compressing_factory":1,"refinedstorage:exporter":1,"minecraft:nether_bricks":7,"delightful:cantaloupe_plant":2,"alltheores:deepslate_silver_ore":3,"gtceu:netherrack_tetrahedrite_ore":8,"minecraft:redstone_ore":50,"refinedstorage:pattern_grid":1,"minecraft:snow":1,"ae2:damaged_budding_quartz":1,"minecraft:mossy_stone_brick_stairs":2,"minecraft:vine":4,"minecraft:rail":1,"alltheores:aluminum_ore":2,"minecraft:potted_allium":1,"minecraft:smithing_table":1,"biomesoplenty:redwood_planks":222,"minecraft:redstone_block":3,"gtceu:deepslate_pyrolusite_ore":5,"minecraft:emerald_ore":2,"minecraft:copper_ore":180,"minecraft:potted_oxeye_daisy":1,"minecraft:tall_grass":8,"minecraft:deepslate_gold_ore":43,"gtceu:red_granite":3,"ars_elemental:yellow_archwood_log":61,"ae2:flawless_budding_quartz":2,"minecraft:spruce_log":23,"minecraft:gravel":295,"minecraft:dripstone_block":2,"minecraft:stone_bricks":14,"thermal:deepslate_sulfur_ore":1,"minecraft:deepslate_emerald_ore":1,"minecraft:gold_ore":31,"minecraft:infested_stone":1,"minecraft:fern":2,"allthemodium:allthemodium_slate_ore":4,"minecraft:spruce_planks":3,"mekanism:advanced_universal_cable":3,"allthemodium:allthemodium_ore":2,"corn_delight:wild_corn":6,"minecraft:sculk_vein":36,"minecraft:brewing_stand":2,"minecraft:grass_block":393,"ae2:quartz_cluster":1,"minecraft:cracked_polished_blackstone_bricks":6,"ars_nouveau:sourceberry_bush":2,"gtceu:red_garnet_indicator":1,"quark:blaze_lantern":2,"minecraft:glowstone":129,"ironfurnaces:gold_furnace":4,"minecraft:iron_ore":200,"minecraft:anvil":5,"silentgear:deepslate_bort_ore":2,"biomesoplenty:hanging_cobweb":1,"minecraft:iron_bars":9,"mekanism:advanced_energy_cube":4,"botania:potted_blue_mushroom":1,"minecraft:deepslate_redstone_ore":130,"minecraft:quartz_block":17,"minecraft:blackstone":2,"fluxnetworks:flux_point":2,"alltheores:nether_lead_ore":51,"minecraft:clay":36,"minecraft:poppy":143,"minecraft:chest":2,"alltheores:nether_zinc_ore":44,"ironfurnaces:emerald_furnace":2,"botania:blue_double_flower":1,"minecraft:cobblestone":14,"alltheores:deepslate_nickel_ore":1,"minecraft:nether_quartz_ore":147,"refinedstorage:disk_drive":1,"minecraft:wall_torch":15,"minecraft:deepslate_copper_ore":2,"mekanismgenerators:advanced_solar_generator":6,"evilcraft:dark_ore_deepslate":4,"ars_nouveau:archwood_planks":3,"gtceu:netherrack_blue_topaz_ore":66,"enderchests:ender_chest":2,"ae2:quartz_block":3,"minecraft:oak_log":7,"minecraft:sand":1856,"minecraft:dirt":652,"mysticalagriculture:deepslate_prosperity_ore":105,"gtceu:deepslate_redstone_ore":52,"refinedstorage:controller":1,"minecraft:netherrack":9671,"minecraft:diamond_ore":23,"ae2:chipped_budding_quartz":2,"minecraft:nether_gold_ore":79,"biomesoplenty:glowing_moss_block":1,"mysticalagriculture:prosperity_ore":23,"minecraft:tuff":188,"alltheores:zinc_ore":21,"silentgear:wild_flax_plant":1,"minecraft:deepslate_diamond_ore":39,"minecraft:potted_azalea_bush":1,"quark:jasper":265,"alltheores:deepslate_tin_ore":2,"mekanism:ultimate_universal_cable":1,"thermal:machine_pulverizer":1,"minecraft:furnace":2,"ars_nouveau:bombegranate_pod":1,"evilcraft:dark_ore":1,"ae2:mysterious_cube":1,"minecraft:gold_block":12,"minecraft:polished_deepslate":1,"minecraft:bookshelf":55,"alltheores:deepslate_platinum_ore":152,"minecraft:deepslate_iron_ore":95,"minecraft:stone":10105,"biomesoplenty:spider_egg":1,"ars_nouveau:purple_archwood_log":64,"waystones:warp_plate":2,"pipez:item_pipe":9,"minecraft:polished_granite":2,"gtceu:deepslate_grossular_ore":6,"silentgear:phantom_light":1,"minecraft:rose_bush":3,"minecraft:deepslate_coal_ore":46,"biomesoplenty:sprout":15,"theurgy:sal_ammoniac_ore":4,"minecraft:lapis_ore":6,"minecraft:sculk":19,"supplementaries:urn":9,"minecraft:cactus":4,"fluxnetworks:flux_plug":1,"minecraft:gray_bed":2,"botania:potted_light_blue_shiny_flower":1,"gtceu:deepslate_tantalite_ore":3,"minecraft:coal_ore":636,"gtceu:netherrack_copper_ore":5,"gtceu:deepslate_spessartine_ore":3,"minecraft:cracked_stone_bricks":10,"minecraft:terracotta":195,"minecraft:polished_andesite":1,"refinedstorage:crafter":1,"minecraft:mossy_stone_bricks":16,"biomesoplenty:redwood_wood":64},"minecraft:crafted":{"pipez:wrench":1,"minecraft:smooth_stone":0,"gateways:gate_pearl":1,"matc:prudentium_crystal":1,"mekanismgenerators:solar_generator":20,"mekanismtools:refined_obsidian_pickaxe":2,"silentgear:tip":1,"fluxnetworks:flux_plug":1,"minecraft:blaze_powder":24,"silentgear:sturdy_repair_kit":2,"sophisticatedbackpacks:magnet_upgrade":2,"pipez:item_pipe":16,"mekanismtools:osmium_chestplate":3,"mekanism:advanced_energy_cube":1,"ironfurnaces:iron_furnace":1,"croptopia:toast":0,"hostilenetworks:blank_data_model":12,"minecraft:lever":1,"mekanismgenerators:heat_generator":1,"potionsmaster:diamond_powder":1,"thermal:machine_frame":1,"minecraft:glass":0,"vanillaplustools:iron_hammer":1,"minecraft:repeater":20,"alltheores:osmium_dust":143,"refinedstorage:crafting_grid":1,"refinedstorage:grid":2,"alltheores:platinum_block":13,"mekanism:elite_universal_cable":40,"mekanismtools:osmium_boots":3,"refinedstorage:processor_binding":31,"allthemodium:allthemodium_nugget":18,"mekanism:energy_tablet":30,"mekanismtools:refined_obsidian_axe":2,"refinedstorage:raw_advanced_processor":5,"minecraft:glass_bottle":4,"alltheores:platinum_dust":94,"minecraft:deepslate":0,"potionsmaster:calcinatediron_powder":0,"silentgear:pickaxe_head":2,"refinedstorage:storage_housing":1,"sophisticatedbackpacks:advanced_feeding_upgrade":2,"minecraft:smithing_table":1,"hostilenetworks:deep_learner":2,"allthemodium:teleport_pad":1,"minecraft:copper_ingot":42,"minecraft:red_mushroom":8,"minecraft:sticky_piston":2,"mysticalagriculture:supremium_essence":6,"silentgear:pickaxe_template":1,"allthemodium:allthemodium_dust":16,"matc:imperium_crystal":1,"minecraft:compass":1,"minecraft:iron_pickaxe":5,"minecraft:iron_block":19,"silentgear:grip_blueprint":1,"minecraft:gold_ingot":56,"refinedstorage:importer":15,"mekanism:osmium_compressor":1,"minecraft:netherite_ingot":3,"refinedstorage:machine_casing":3,"mekanism:advanced_universal_cable":40,"silentgear:pickaxe":8,"refinedstorage:upgrade":4,"silentgear:grip":1,"minecraft:stone_shovel":2,"vanillaplustools:stone_hammer":3,"minecraft:iron_nugget":1,"ironfurnaces:augment_generator":2,"mekanism:cardboard_box":64,"potionsmaster:pestle":1,"mekanismtools:osmium_shovel":2,"sophisticatedbackpacks:stack_upgrade_tier_1":4,"ironjetpacks:basic_coil":80,"alltheores:copper_gear":2,"minecraft:quartz":12,"potionsmaster:tile_mortar":1,"alltheores:copper_ore_hammer":3,"mekanismtools:osmium_hoe":1,"potionsmaster:allthemodium_powder":1,"quark:cobblestone_bricks":139,"ironjetpacks:strap":2,"minecraft:stone_pickaxe":29,"apotheosis:simple_reforging_table":1,"silentgear:tip_blueprint":1,"mysticalagriculture:nature_agglomeratio":4,"minecraft:spruce_boat":4,"alltheores:steel_ingot":0,"minecraft:redstone_block":4,"mekanismtools:refined_obsidian_chestplate":2,"potionsmaster:iron_powder":1,"ironjetpacks:thruster":20,"alltheores:platinum_ore_hammer":1,"minecraft:coal_block":59,"ironfurnaces:augment_smoking":1,"mekanism:ultimate_energy_cube":1,"constructionwand:diamond_wand":1,"mysticalagriculture:inferium_seeds":6,"matc:inferium_crystal":7,"silentgear:coating_blueprint":1,"potionsmaster:ender_powder":4,"alltheores:osmium_ingot":5,"mekanismtools:refined_obsidian_paxel":2,"minecraft:enchanting_table":1,"biomesoplenty:redwood_planks":259,"mekanismtools:refined_obsidian_shovel":2,"ironjetpacks:advanced_coil":64,"sophisticatedbackpacks:gold_backpack":1,"refinedstorage:raw_improved_processor":42,"minecraft:orange_dye":1,"mysticalagriculture:prosperity_gemstone":6,"ironfurnaces:upgrade_gold":1,"ironjetpacks:cell":51,"alltheores:tin_dust":14,"allthemodium:allthemodium_ingot":0,"refinedstorage:raw_basic_processor":28,"silentgear:binding":2,"minecraft:white_bed":3,"refinedstorage:improved_processor":0,"ironfurnaces:upgrade_diamond":1,"mysticalagriculture:fire_agglomeratio":4,"hostilenetworks:sim_chamber":10,"delightful:cantaloupe_slice":5,"minecraft:oak_planks":85,"silentgear:template_board":6,"alltheores:copper_dust":99,"alltheores:iron_ore_hammer":1,"refinedstorage:cable":84,"minecraft:cobblestone_stairs":58,"refinedstorage:controller":1,"minecraft:stone":0,"fluxnetworks:flux_point":3,"matc:supremium_crystal":1,"alltheores:tin_ingot":0,"mekanism:basic_tier_installer":6,"mysticalagriculture:prosperity_seed_base":7,"mekanism:elite_energy_cube":1,"minecraft:raw_copper":51,"refinedstorage:4k_storage_part":6,"mekanism:ultimate_universal_cable":40,"minecraft:comparator":25,"alltheores:iron_rod":4,"hostilenetworks:loot_fabricator":3,"thermal:machine_pulverizer":1,"mysticalagriculture:tertium_essence":115,"minecraft:chest":17,"minecraft:copper_block":64,"minecraft:water_bucket":1,"refinedstorage:pattern_grid":1,"minecraft:rail":24,"refinedstorage:disk_drive":1,"mekanismtools:refined_obsidian_helmet":2,"alltheores:steel_dust":16,"silentgear:blueprint_book":1,"alltheores:platinum_ingot":0,"fluxnetworks:flux_core":20,"mekanismtools:osmium_pickaxe":2,"minecraft:smoker":1,"mysticalagriculture:inferium_gemstone":6,"minecraft:dropper":2,"ironjetpacks:jetpack":10,"minecraft:crafting_table":71,"minecraft:spruce_planks":30,"potionsmaster:redstone_powder":1,"minecraft:kelp":8,"minecraft:wooden_pickaxe":1,"constructionwand:iron_wand":4,"refinedstorage:exporter":13,"minecraft:red_wool":9,"minecraft:gold_block":1,"refinedstorage:crafting_upgrade":1,"sophisticatedbackpacks:feeding_upgrade":2,"refinedstorage:speed_upgrade":3,"mekanismtools:osmium_leggings":1,"refinedstorage:basic_processor":0,"sophisticatedbackpacks:upgrade_base":8,"mekanismtools:stone_paxel":2,"silentgear:blueprint_paper":20,"ironjetpacks:capacitor":10,"minecraft:paper":7,"minecraft:diamond_pickaxe":9,"mekanism:steel_casing":2,"potionsmaster:calcinatedallthemodium_powder":0,"sophisticatedbackpacks:diamond_backpack":1,"minecraft:stick":1643,"minecraft:iron_ingot":16,"mekanismtools:refined_obsidian_leggings":2,"mekanismtools:refined_obsidian_boots":1,"minecraft:redstone_torch":84,"vanillaplustools:diamond_hammer":1,"mysticalagriculture:imperium_essence":27,"refinedstorage:pattern":1,"alltheores:osmium_nugget":1,"mekanismtools:osmium_paxel":2,"minecraft:redstone":6,"mekanism:basic_universal_cable":42,"minecraft:raw_iron":7,"minecraft:coal":51,"refinedstorage:16k_storage_disk":2,"mysticalagriculture:tertium_farmland":8,"refinedstorage:16k_storage_part":2,"silentgear:rod":4,"alltheores:raw_osmium":1,"mysticalagriculture:infusion_pedestal":8,"sophisticatedbackpacks:advanced_magnet_upgrade":2,"sophisticatedstorage:iron_chest":8,"minecraft:furnace":37,"alltheores:gold_dust":142,"minecraft:piston":4,"sophisticatedbackpacks:stack_upgrade_starter_tier":6,"minecraft:sugar_cane":64,"apotheosis:salvaging_table":1,"refinedstorage:quartz_enriched_iron":100,"minecraft:raw_copper_block":40,"minecraft:glass_pane":20,"minecraft:flint_and_steel":1,"refinedstorage:crafter":1,"refinedstorage:destruction_core":18,"refinedstorage:advanced_processor":0,"mekanismtools:osmium_axe":2,"mysticalagriculture:inferium_essence":59,"apotheosis:potion_charm":4,"mysticalagriculture:inferium_block":57,"minecraft:polished_deepslate":43,"minecraft:iron_axe":1,"mekanismgenerators:advanced_solar_generator":5,"minecraft:clay_ball":24,"mekanismtools:osmium_helmet":2,"alltheores:tin_gear":1,"sophisticatedbackpacks:iron_backpack":1,"minecraft:glistering_melon_slice":2,"refinedstorage:1k_storage_part":20,"minecraft:magma_cream":3,"minecraft:cooked_beef":2,"minecraft:sugar":74,"minecraft:red_dye":93,"mysticalagriculture:prudentium_essence":459,"minecraft:brown_mushroom":16,"mekanism:metallurgic_infuser":4,"mysticalagriculture:imperium_farmland":3,"silentgear:coating":1,"ironfurnaces:augment_factory":1,"minecraft:bucket":6,"crafting_on_a_stick:crafting_table":4,"potionsmaster:calcinateddiamond_powder":0,"minecraft:stone_axe":2,"minecraft:bread":354,"minecraft:air":7683,"mekanism:upgrade_speed":46,"minecraft:blue_dye":5,"sophisticatedstorage:chest":8,"potionsmaster:calcinatedredstone_powder":0,"sophisticatedbackpacks:pickup_upgrade":2,"mysticalagriculture:prudentium_farmland":1,"mekanism:basic_energy_cube":1,"minecraft:white_wool":8,"matc:tertium_crystal":1,"mekanism:enrichment_chamber":1,"minecraft:raw_gold":3,"mekanism:upgrade_energy":53,"alltheores:raw_platinum":4,"mysticalagriculture:infusion_altar":1,"refinedstorage:construction_core":20,"alltheores:iron_dust":155,"ironfurnaces:upgrade_emerald":1,"minecraft:torch":60,"cookingforblockheads:sink":1,"thermal:rf_coil":1,"fluxnetworks:flux_block":1,"silentgear:binding_blueprint":1,"mekanismgenerators:solar_panel":60},"minecraft:broken":{"mekanismtools:stone_paxel":1,"vanillaplustools:stone_hammer":3,"vanillaplustools:iron_hammer":2,"constructionwand:iron_wand":3,"aether:chainmail_gloves":1},"minecraft:custom":{"minecraft:interact_with_crafting_table":16,"minecraft:eat_cake_slice":1,"minecraft:leave_game":22,"minecraft:time_since_death":673000,"minecraft:play_time":961895,"minecraft:deaths":7,"minecraft:jump":10381,"minecraft:enchant_item":7,"minecraft:interact_with_furnace":398,"minecraft:sleep_in_bed":30,"minecraft:waystone_activated":15,"minecraft:damage_dealt":27697,"tombstone:undead_killed":49,"minecraft:interact_with_smithing_table":4,"minecraft:interact_with_smoker":6,"minecraft:interact_with_anvil":5,"minecraft:sneak_time":13185,"minecraft:total_world_time":961895,"tombstone:raider_killed":1,"minecraft:time_since_rest":94480,"minecraft:use_wand":1268,"minecraft:swim_one_cm":139244,"minecraft:fly_one_cm":5853134,"minecraft:open_chest":1172,"minecraft:fall_one_cm":885731,"lootr:looted_stat":134,"minecraft:damage_resisted":4,"minecraft:sprint_one_cm":1334389,"minecraft:drop":497,"minecraft:talked_to_villager":10,"minecraft:interact_with_brewingstand":22,"minecraft:walk_on_water_one_cm":47433,"minecraft:crouch_one_cm":51351,"tombstone:villager_killed":1,"minecraft:mob_kills":168,"minecraft:damage_dealt_resisted":0,"minecraft:climb_one_cm":9269,"minecraft:walk_one_cm":1497954,"minecraft:walk_under_water_one_cm":32195,"minecraft:boat_one_cm":160016,"minecraft:damage_taken":10748,"minecraft:damage_absorbed":288},"minecraft:killed":{"minecraft:cave_spider":3,"minecraft:skeleton":11,"minecraft:chicken":1,"minecraft:pillager":1,"minecraft:zombie":23,"minecraft:cow":5,"eidolon:wraith":2,"minecraft:wandering_trader":1,"minecraft:spider":16,"quark:forgotten":2,"thermal:blizz":1,"minecraft:silverfish":3,"artifacts:mimic":2,"irons_spellbooks:necromancer":1,"minecraft:creeper":3,"minecraft:sheep":11,"minecraft:trader_llama":5,"minecraft:stray":5,"eidolon:zombie_brute":1,"minecraft:blaze":17,"minecraft:slime":46,"minecraft:squid":2,"minecraft:wither_skeleton":4},"minecraft:killed_by":{"minecraft:zombie":3,"minecraft:husk":1,"minecraft:skeleton":3},"minecraft:used":{"refinedstorage:exporter":14,"minecraft:chest":2,"lootr:trophy":1,"minecraft:rotten_flesh":2,"fluxnetworks:flux_plug":2,"constructionwand:iron_wand":91,"powah:solar_panel_basic":1,"ars_elemental:yellow_archwood_sapling":2,"minecraft:spruce_boat":5,"ironfurnaces:iron_furnace":4,"enderchests:ender_chest":4,"minecraft:furnace":1,"minecraft:egg":1,"minecraft:potato":1,"farmersdelight:hamburger":2,"minecraft:damaged_anvil":1,"mekanismtools:osmium_paxel":1589,"minecraft:fox_spawn_egg":2,"artifacts:eternal_steak":3,"hostilenetworks:sim_chamber":10,"minecraft:golden_apple":8,"mekanism:advanced_energy_cube":4,"minecraft:polished_granite":2,"allthemodium:allthemodium_ore":2,"mekanismgenerators:solar_generator":1,"mekanism:ultimate_energy_cube":1,"minecraft:smithing_table":1,"ironfurnaces:gold_furnace":3,"minecraft:iron_bars":2,"mekanism:cardboard_box":9,"vanillaplustools:stone_hammer":392,"minecraft:torch":88,"minecraft:brewing_stand":1,"minecraft:anvil":5,"mekanism:osmium_compressor":1,"mysticalagriculture:infusion_pedestal":8,"silentgear:pickaxe":3191,"mekanism:upgrade_energy":12,"refinedstorage:crafter":2,"constructionwand:diamond_wand":55,"tombstone:gift":2,"minecraft:cobbled_deepslate":196,"minecraft:water_bucket":6,"quark:cobblestone_bricks":556,"thermal:machine_pulverizer":1,"mekanismtools:stone_paxel":341,"minecraft:cauldron":1,"minecraft:polished_blackstone_bricks":2,"minecraft:rail":1,"refinedstorage:pattern_grid":2,"minecraft:white_bed":5,"tombstone:tablet_of_assistance":3,"refinedstorage:crafting_grid":2,"delightful:cantaloupe_slice":15,"productivebees:advanced_oak_beehive":1,"minecraft:cobblestone":422,"vanillaplustools:iron_hammer":500,"minecraft:potion":2,"sophisticatedstorage:iron_chest":11,"minecraft:cooked_porkchop":11,"mekanismtools:refined_obsidian_paxel":16615,"minecraft:polished_deepslate":173,"quarryplus:solid_fuel_quarry":1,"mysticalagriculture:infusion_altar":1,"minecraft:iron_chestplate":1,"functionalstorage:oak_2":3,"mekanism:basic_universal_cable":17,"minecraft:obsidian":17,"refinedstorage:controller":2,"quark:limestone":15,"mekanism:alloy_reinforced":3,"tombstone:tablet_of_cupidity":3,"mekanismgenerators:wind_generator":30,"minecraft:iron_helmet":1,"mekanism:basic_tier_installer":6,"refinedstorage:importer":15,"minecraft:stone_bricks":2,"silentgear:paxel":602,"pipez:item_pipe":21,"ars_nouveau:sourceberry_bush":4,"silentgear:phantom_light":70,"minecraft:gray_bed":2,"apotheosis:salvaging_table":1,"refinedstorage:disk_drive":2,"apotheosis:simple_reforging_table":1,"minecraft:ender_pearl":1,"vanillaplustools:diamond_hammer":181,"ars_nouveau:archwood_planks":8,"waystones:waystone":13,"minecraft:lever":1,"easy_villagers:villager":1,"minecraft:bread":42,"mekanism:metallurgic_infuser":4,"mekanism:upgrade_speed":9,"minecraft:gravel":8,"mekanismgenerators:advanced_solar_generator":6,"croptopia:toast":72,"minecraft:chainmail_boots":2,"minecraft:chest_minecart":1,"cookingforblockheads:sink":1,"mekanism:enrichment_chamber":1,"minecraft:trident":32,"minecraft:flint_and_steel":1,"biomesoplenty:redwood_planks":408,"minecraft:cooked_chicken":3,"gateways:gate_pearl":1,"minecraft:dirt":5,"mekanism:alloy_infused":5,"evilcraft:box_of_eternal_closure":2,"mekanism:alloy_atomic":4,"waystones:warp_plate":2,"minecraft:wolf_spawn_egg":1,"minecraft:cooked_beef":16,"botanypots:terracotta_hopper_botany_pot":24,"minecraft:cobblestone_stairs":102,"fluxnetworks:flux_point":5,"minecraft:glass_bottle":9,"mekanism:ultimate_universal_cable":33,"minecraft:baked_potato":7,"mekanism:basic_compressing_factory":1,"pneumaticcraft:spawner_agitator":3,"minecraft:smoker":2,"tombstone:bag_of_seeds":1,"refinedstorage:cable":22,"minecraft:apple":1,"silentgear:hammer":15,"allthemodium:teleport_pad":1,"hostilenetworks:loot_fabricator":3,"ironfurnaces:emerald_furnace":2,"minecraft:bucket":12,"minecraft:chainmail_leggings":1},"minecraft:picked_up":{"quark:diamond_heart":1,"minecraft:slime_spawn_egg":2,"minecraft:iron_chestplate":2,"minecraft:anvil":5,"minecraft:lead":24,"minecraft:flower_pot":21,"irons_spellbooks:affinity_ring":1,"bigreactors:graphite_ingot":283,"minecraft:diamond_sword":2,"artifacts:bunny_hoppers":1,"minecraft:smithing_table":1,"enderio:pulsating_alloy_ingot":2,"create:wrench":2,"minecraft:enchanted_book":13,"forbidden_arcanus:artisan_relic":2,"croptopia:calamari":12,"gtceu:raw_pyrolusite":1,"refinedstorage:controller":1,"minecraft:brewing_stand":3,"mysticalagriculture:prosperity_seed_base":4,"alltheores:platinum_ingot":125,"minecraft:polished_deepslate":1,"forbidden_arcanus:xpetrified_orb":1,"minecraft:string":81,"mekanismgenerators:heat_generator":1,"waystones:warp_plate":4,"minecraft:red_nether_bricks":2,"biomesoplenty:tall_lavender":1,"minecraft:pufferfish":3,"paraglider:deku_leaf":1,"minecraft:cobbled_deepslate":4458,"minecraft:gold_nugget":467,"minecraft:diamond_leggings":1,"enderio:vibrant_alloy_ingot":2,"mysticalagriculture:inferium_essence":256,"alltheores:lead_ingot":2,"minecraft:spruce_planks":69,"alltheores:nickel_ingot":9,"silentgear:tip_blueprint":1,"biomesoplenty:redwood_wood":1450,"quarryplus:solid_fuel_quarry":2,"minecraft:melon_slice":120,"minecraft:coal_block":16,"ars_elemental:flashpine_pod":18,"wstweaks:fragment":21,"apotheosis:rare_material":2,"railcraft:sulfur_dust":91,"thermal:sadiroot_seeds":2,"potionsmaster:bezoar":6,"mysticalagriculture:prosperity_shard":272,"gtceu:raw_tantalite":1,"mysticalagriculture:inferium_seeds":1,"twilightforest:fiery_boots":3,"gtceu:purple_drink":14,"refinedstorage:disk_drive":1,"minecraft:golden_chestplate":1,"tombstone:tablet_of_cupidity":2,"easy_villagers:villager":1,"botania:manasteel_ingot":10,"minecraft:honey_bottle":14,"artifacts:lucky_scarf":1,"silentgear:rod":3,"artifacts:villager_hat":2,"forbidden_arcanus:splash_aureal_bottle":1,"aether:chainmail_gloves":1,"silentgear:axe_blueprint":1,"minecraft:iron_block":1,"delightful:cantaloupe_seeds":2,"farmersdelight:rope":40,"mysticalagriculture:prudentium_essence":2,"alltheores:platinum_ore_hammer":1,"tombstone:scroll_of_aquatic_life":3,"powah:magmator_basic":1,"alltheores:silver_ingot":7,"ars_nouveau:sourceberry_bush":5,"minecraft:blaze_rod":18,"supplementaries:ash":35,"botania:blue_double_flower":2,"quark:blaze_lantern":2,"minecraft:iron_bars":9,"silentgear:template_board":16,"evilcraft:vengeance_pickaxe":12,"biomesoplenty:lavender":35,"silentgear:paxel":2,"minecraft:feather":27,"minecraft:cooked_beef":18,"farmersdelight:rice":8,"minecraft:iron_door":1,"minecraft:copper_block":8,"reliquary:molten_core":3,"minecraft:smoker":1,"gtceu:raw_redstone":170,"minecraft:flint":19,"delightful:cantaloupe":6,"ars_elemental:yellow_archwood_sapling":1,"railcraft:lead_ingot":1,"lootr:trophy":1,"tombstone:familiar_receptacle":4,"minecraft:lantern":1,"mekanism:alloy_reinforced":5,"croptopia:kiwi_seed":4,"bhc:red_heart":5,"sushigocrafting:wasabi_seeds":7,"theurgy:sal_ammoniac_crystal":15,"ironjetpacks:basic_coil":13,"botanypots:terracotta_hopper_botany_pot":24,"enderio:dark_steel_sword":1,"pneumaticcraft:stop_worm":1,"minecraft:glowstone_dust":131,"enderio:dark_steel_ingot":28,"minecraft:honeycomb":18,"silentgear:fine_silk":2,"alltheores:osmium_block":2,"mysticalagriculture:water_agglomeratio":1,"patchouli:guide_book":5,"ae2:certus_quartz_crystal":4,"functionalstorage:void_upgrade":1,"everythingcopper:copper_horse_armor":7,"enderio:redstone_alloy_ingot":2,"minecraft:ink_sac":13,"thermal:onion_seeds":1,"quark:jasper":301,"minecraft:bundle":5,"utilitix:mob_yoinker":1,"ae2:flawless_budding_quartz":1,"minecraft:deepslate":725,"ae2:chipped_budding_quartz":1,"allthemodium:raw_allthemodium":7,"silentgear:grip_blueprint":1,"thermal:eggplant_seeds":1,"minecraft:granite":123,"alltheores:zinc_ingot":17,"minecraft:bread":132,"mekanism:advanced_energy_cube":4,"minecraft:chainmail_helmet":2,"reliquary:witch_hat":1,"twigs:rhyolite":83,"alltheores:raw_platinum":58,"thermal:sawdust":256,"croptopia:greenonion":1,"ae2:silicon":174,"croptopia:toast":42,"minecraft:diamond_pickaxe":1,"silentgear:rod_blueprint":1,"alltheores:osmium_ingot":80,"mekanismtools:osmium_paxel":1,"minecraft:crafting_table":1,"pneumaticcraft:programming_puzzle":6,"minecraft:clay_ball":189,"functionalstorage:oak_2":5,"silentgear:pickaxe_blueprint":1,"mekanism:alloy_infused":38,"ae2:silicon_press":1,"sushigocrafting:soy_seeds":7,"minecraft:flint_and_steel":1,"mysticalagriculture:tertium_essence":2,"minecraft:netherite_scrap":10,"refinedstorage:crafting_grid":1,"minecraft:glass_pane":140,"refinedstorage:exporter":1,"minecraft:cracked_stone_bricks":17,"minecraft:beef":21,"minecraft:iron_nugget":6,"thermal:niter":4,"minecraft:poppy":190,"gtceu:raw_bornite":2,"gtceu:antimony_ingot":2,"minecraft:chest":6,"minecraft:egg":1,"ars_nouveau:purple_archwood_log":64,"mysticalagriculture:nature_seeds":1,"minecraft:stone":154,"reliquary:rib_bone":2,"minecraft:oak_door":1,"alltheores:raw_zinc":77,"pipez:item_pipe":13,"forbidden_arcanus:arcane_crystal_dust":13,"supplementaries:pedestal":3,"silentgear:sturdy_repair_kit":1,"farmersdelight:tomato_seeds":3,"minecraft:carrot":40,"minecraft:redstone":818,"sophisticatedstorage:upgrade_base":5,"ironjetpacks:jetpack":3,"botania:black_lotus":2,"crafting_on_a_stick:crafting_table":3,"minecraft:tnt":3,"gtceu:spessartine_gem":5,"silentgear:binding_blueprint":1,"silentgear:blueprint_book":1,"minecraft:diamond_chestplate":2,"ironfurnaces:gold_furnace":5,"minecraft:diamond_boots":2,"occultism:silver_ingot":1,"farmersdelight:hamburger":2,"mysticalagriculture:water_essence":15,"alltheores:iron_dust":30,"minecraft:gold_ingot":212,"biomesoplenty:redwood_sapling":1,"alltheores:raw_osmium":69,"minecraft:mutton":20,"minecraft:white_wool":18,"pneumaticcraft:nuke_virus":1,"minecraft:rail":1,"minecraft:oxeye_daisy":2,"minecraft:clock":1,"pneumaticcraft:spawner_agitator":10,"pneumaticcraft:logistics_core":3,"croptopia:glowing_calamari":1,"bhc:wither_bone":2,"silentgear:blueprint_package":1,"ars_nouveau:wilden_wing":1,"minecraft:oak_log":31,"enderchests:ender_chest":3,"alltheores:iron_rod":3,"farmersdelight:flint_knife":1,"quark:limestone":354,"vanillaplustools:iron_hammer":1,"pipez:universal_pipe":16,"gtceu:netherrack_dust":91,"sophisticatedstorage:basic_tier_upgrade":2,"pipez:basic_upgrade":2,"sophisticatedbackpacks:upgrade_base":5,"ironjetpacks:advanced_coil":20,"minecraft:apple":29,"minecraft:stone_bricks":13,"mekanism:dust_refined_obsidian":1,"enderio:wood_gear":1,"tombstone:tablet_of_guard":3,"ironfurnaces:augment_speed":5,"mekanism:steel_casing":2,"artifacts:steadfast_spikes":1,"minecraft:glass_bottle":10,"caupona:asses":13,"minecraft:gray_bed":2,"apotheosis:gem_dust":3,"tombstone:scroll_of_frost_resistance":1,"minecraft:iron_sword":2,"forbidden_arcanus:darkstone":26,"dankstorage:dank_1":1,"powah:uraninite":2,"gtceu:silver_ingot":1,"thermal:strawberry_seeds":3,"minecraft:gravel":370,"powah:uraninite_raw":20,"evilcraft:vengeance_ring":2,"minecraft:spruce_sapling":3,"silentgear:bort":8,"minecraft:spruce_log":23,"tombstone:scroll_of_true_sight":1,"forbidden_arcanus:arcane_crystal":7,"gtceu:manganese_ingot":4,"minecraft:slime_ball":32,"mekanismtools:osmium_boots":1,"immersiveengineering:seed":40,"mekanism:advanced_universal_cable":3,"minecraft:stone_axe":1,"tombstone:scroll_of_knowledge":4,"mekanism:basic_compressing_factory":1,"minecraft:diamond_axe":2,"alltheores:raw_silver":4,"pneumaticcraft:vortex_cannon":2,"naturescompass:naturescompass":1,"minecraft:baked_potato":7,"twilightforest:fiery_leggings":1,"thermal:amaranth_seeds":5,"minecraft:melon_seeds":20,"thermal:machine_pulverizer":1,"minecraft:hopper":2,"minecraft:ender_pearl":34,"irons_spellbooks:scroll":14,"minecraft:wheat":69,"minecraft:redstone_block":13,"silentgear:spear_blueprint":1,"tombstone:tablet_of_home":1,"aether:iron_gloves":1,"minecraft:potion":4,"ars_nouveau:bombegranate_pod":3,"minecraft:nether_brick":581,"gtceu:raw_blue_topaz":178,"tombstone:grave_key":1,"railcraft:steel_chestplate":1,"ironfurnaces:augment_factory":1,"reliquary:slime_pearl":1,"ironfurnaces:augment_generator":3,"silentgear:sinew":9,"minecraft:raw_copper":358,"minecraft:iron_leggings":1,"minecraft:experience_bottle":4,"pneumaticcraft:gun_ammo_explosive":1,"thermal:sulfur":4,"irons_spellbooks:arcane_essence":6,"utilitix:ancient_compass":2,"reliquary:zombie_heart":1,"minecraft:bucket":3,"delightful:acorn":1,"twigs:pebble":139,"minecraft:red_dye":84,"minecraft:rose_bush":3,"minecraft:ender_eye":10,"minecraft:azalea":3,"minecraft:iron_pickaxe":7,"alltheores:iron_ore_hammer":3,"evilcraft:blood_extractor":11,"ae2:flawed_budding_quartz":2,"minecraft:iron_boots":4,"farmersdelight:cabbage_seeds":22,"minecraft:furnace":2,"minecraft:tipped_arrow":4,"minecraft:stick":20,"apotheosis:gem":36,"forbidden_arcanus:tentacle":1,"minecraft:torch":79,"tombstone:grave_dust":20,"aether:golden_gloves":1,"mekanism:energy_tablet":1,"mekanismgenerators:solar_generator":1,"gtceu:stone_dust":194,"fluxnetworks:flux_plug":1,"pipez:wrench":1,"eidolon:tattered_cloth":8,"minecraft:quartz_block":15,"mekanism:ultimate_universal_cable":1,"minecraft:cactus":10,"silentgear:leather_scrap":11,"minecraft:rotten_flesh":105,"thermal:corn_seeds":2,"gtceu:red_garnet_gem":3,"alltheores:platinum_block":18,"minecraft:music_disc_ward":1,"alltheores:osmium_dust":90,"occultism:datura":1,"silentgear:shovel_blueprint":1,"create:veridium":5,"ars_nouveau:whirlisprig_shards":1,"reliquary:mob_charm_fragment":2,"biomesoplenty:white_petals":3,"evilcraft:condensed_blood":32,"minecraft:obsidian":290,"minecraft:cobblestone":8485,"mekanism:enriched_diamond":3,"ars_nouveau:drygmy_shard":1,"minecraft:cod":56,"mekanismgenerators:advanced_solar_generator":6,"enderio:loot_capacitor":1,"occultism:datura_seeds":10,"croptopia:water_bottle":15,"minecraft:lilac":13,"minecraft:golden_leggings":2,"paraglider:spirit_orb":222,"minecraft:tuff":304,"evilcraft:flesh_humanoid":3,"supplementaries:flax_seeds":5,"gtceu:red_granite_cobblestone":3,"gtceu:lead_ingot":12,"minecraft:lapis_lazuli":147,"sophisticatedbackpacks:void_upgrade":1,"ae2:damaged_budding_quartz":2,"thermal:tin_gear":1,"mysticalagriculture:dirt_seeds":1,"minecraft:dirt":945,"constructionwand:iron_wand":2,"minecraft:polished_granite":2,"minecraft:name_tag":3,"botania:mana_diamond":1,"productivebees:advanced_oak_beehive":2,"minecraft:glass":3,"alltheores:raw_tin":2,"minecraft:bone":85,"thermal:hops_seeds":1,"minecraft:bow":4,"minecraft:wheat_seeds":9,"ars_nouveau:source_gem":5,"minecraft:raw_gold":24,"gtceu:bronze_ingot":29,"ae2:logic_processor_press":1,"minecraft:bamboo":6,"tombstone:scroll_of_reach":1,"minecraft:mossy_stone_bricks":20,"twigs:twig":2,"ironfurnaces:iron_furnace":5,"minecraft:mossy_stone_brick_stairs":2,"silentgear:crimson_iron_ingot":4,"reliquary:frozen_core":2,"minecraft:cooked_porkchop":7,"minecraft:music_disc_13":1,"irons_spellbooks:fireward_ring":1,"irons_spellbooks:frozen_bone":61,"silentgear:pickaxe":2,"pneumaticcraft:gun_ammo_ap":1,"quark:shale":423,"mysticalagriculture:nature_essence":12,"alltheores:raw_lead":62,"silentgear:bronze_ingot":1,"minecraft:enderman_spawn_egg":3,"torchmaster:megatorch":1,"evilcraft:dark_gem_crushed":2,"ars_nouveau:music_disc_aria_biblio":1,"minecraft:sand":1859,"thermal:blizz_rod":1,"ars_elemental:yellow_archwood_log":125,"ae2:quartz_block":4,"gtceu:sapphire_gem":2,"minecraft:mossy_cobblestone":4,"mekanism:basic_control_circuit":31,"artifacts:plastic_drinking_hat":1,"alltheores:raw_nickel":8,"minecraft:diamond":432,"minecraft:spruce_boat":1,"waystones:waystone":15,"tombstone:tablet_of_recall":2,"alltheores:raw_aluminum":2,"minecraft:cracked_polished_blackstone_bricks":12,"minecraft:crossbow":1,"minecraft:bone_meal":130,"minecraft:golden_apple":17,"minecraft:emerald":75,"mekanism:advanced_control_circuit":2,"irons_spellbooks:uncommon_ink":1,"minecraft:netherrack":9004,"ironfurnaces:augment_smoking":2,"functionalstorage:oak_1":5,"minecraft:fishing_rod":2,"fluxnetworks:flux_dust":64,"twigs:petrified_lichen":8,"minecraft:cocoa_beans":3,"create_new_age:thorium":116,"minecraft:allium":2,"powah:solar_panel_basic":1,"refinedstorage:pattern_grid":1,"minecraft:chicken":1,"evilcraft:dark_power_gem":8,"minecraft:turtle_helmet":3,"minecraft:chest_minecart":1,"thermal:cinnabar":10,"silentgear:shield_blueprint":1,"ars_nouveau:warp_scroll":1,"minecraft:gold_block":11,"minecraft:diamond_horse_armor":2,"enderio:broken_spawner":64,"minecraft:brick":13,"sophisticatedstorage:basic_to_iron_tier_upgrade":2,"minecraft:shield":3,"aether:leather_gloves":1,"ars_nouveau:archwood_planks":190,"pneumaticcraft:compressed_stone":36,"silentgear:coating_blueprint":1,"minecraft:item_frame":2,"quark:spruce_bookshelf":2,"minecraft:blackstone":2,"reliquary:chelicerae":4,"tombstone:scroll_of_unstable_intangibility":1,"gtceu:rubber_planks":24,"minecraft:oak_boat":1,"evilcraft:hardened_blood_shard":9,"delightful:cantaloupe_slice":4,"minecraft:sugar_cane":25,"tombstone:tablet_of_assistance":2,"sophisticatedstorage:iron_chest":14,"minecraft:raw_iron":143,"minecraft:orange_dye":5,"minecraft:copper_ingot":181,"evilcraft:origins_of_darkness":2,"ars_nouveau:purple_archwood_sapling":2,"biomesoplenty:wilted_lily":2,"minecraft:polished_blackstone_bricks":16,"alltheores:raw_platinum_block":1,"minecraft:music_disc_11":1,"create:hand_crank":3,"minecraft:trident":1,"gtceu:zinc_ingot":2,"minecraft:stone_pressure_plate":2,"gtceu:grossular_gem":14,"biomesoplenty:redwood_planks":271,"corn_delight:corn_seeds":12,"minecraft:arrow":53,"croptopia:cantaloupe_seed":1,"alltheores:raw_osmium_block":1,"powah:wrench":3,"ae2:certus_quartz_dust":33,"minecraft:nether_bricks":7,"powah:dry_ice":9,"minecraft:saddle":5,"ae2:calculation_processor_press":1,"mekanism:cardboard_box":3,"forbidden_arcanus:spawner_scrap":37,"minecraft:skeleton_skull":2,"silentgear:knife_blueprint":1,"immersiveengineering:ingot_steel":1,"silentgear:blueprint_paper":27,"gtceu:deepslate_dust":89,"silentgear:flax_seeds":1,"minecraft:air":0,"artifacts:eternal_steak":4,"integrateddynamics:drying_basin":1,"sushigocrafting:rice_seeds":3,"minecraft:golden_carrot":3,"minecraft:glow_ink_sac":3,"minecraft:salmon":13,"minecraft:leather":17,"forbidden_arcanus:zombie_arm":1,"croptopia:greenonion_seed":2,"minecraft:music_disc_stal":1,"functionalstorage:copper_upgrade":2,"gtceu:raw_coal":320,"quark:smithing_template_rune":1,"minecraft:gunpowder":33,"quark:forgotten_hat":2,"fluxnetworks:flux_point":1,"pneumaticcraft:pneumatic_cylinder":2,"irons_spellbooks:common_ink":3,"mekanism:salt":4,"refinedstorage:crafter":1,"twilightforest:ender_bow":1,"minecraft:rabbit_hide":5,"minecraft:iron_ingot":298,"botania:light_blue_shiny_flower":1,"thermal:tomato_seeds":4,"refinedstorage:basic_processor":1,"minecraft:soul_sand":1,"minecraft:book":667,"sophisticatedbackpacks:diamond_backpack":1,"apotheosis:potion_charm":14,"evilcraft:undead_log":5,"mysticalagriculture:fire_seeds":1,"minecraft:pumpkin":12,"pneumaticcraft:transistor":4,"minecraft:dripstone_block":2,"minecraft:dandelion":3,"minecraft:quartz":71,"minecraft:raw_iron_block":7,"sushigocrafting:cucumber_seeds":7,"pneumaticcraft:ingot_iron_compressed":24,"gtceu:tantalite_dust":2,"refinedstorage:pattern":12,"minecraft:white_bed":4,"thermal:green_bean_seeds":1,"gtceu:steel_ingot":37,"minecraft:spider_eye":20,"evilcraft:dark_tank":1,"ironfurnaces:augment_blasting":4,"ars_nouveau:wilden_spike":1,"mekanismtools:osmium_leggings":1,"enderio:copper_alloy_ingot":4,"minecraft:chainmail_leggings":3,"evilcraft:dark_gem":49,"minecraft:iron_helmet":2,"ae2:engineering_processor_press":1,"minecraft:terracotta":195,"gtceu:brass_ingot":10,"tombstone:magic_scroll":8,"ironfurnaces:emerald_furnace":2,"minecraft:damaged_anvil":1,"minecraft:black_wool":4,"minecraft:coal":757,"minecraft:wooden_axe":1,"alltheores:copper_ore_hammer":2}},"DataVersion":3465}