{"stats":{"minecraft:mined":{"minecraft:potted_azalea_bush":1,"minecraft:potted_oxeye_daisy":1,"minecraft:tall_grass":1,"biomesoplenty:tall_lavender":1,"biomesoplenty:lavender":33,"minecraft:gray_bed":2,"minecraft:grass":33,"minecraft:oak_log":1,"minecraft:vine":1,"biomesoplenty:redwood_wood":64,"minecraft:fern":1},"minecraft:dropped":{"thermal:onion_seeds":1,"minecraft:wheat_seeds":1,"sushigocrafting:wasabi_seeds":1,"biomesoplenty:lavender":33,"minecraft:chicken":1,"minecraft:rotten_flesh":2,"thermal:strawberry_seeds":1,"minecraft:chainmail_helmet":2,"silentgear:sinew":2,"minecraft:item_frame":2,"minecraft:oxeye_daisy":2,"crafting_on_a_stick:crafting_table":2,"irons_spellbooks:affinity_ring":1,"minecraft:gray_bed":1,"apotheosis:gem":1,"minecraft:azalea":3,"easy_villagers:villager":1,"potionsmaster:bezoar":1,"immersiveengineering:seed":4,"biomesoplenty:tall_lavender":1,"sushigocrafting:soy_seeds":2,"minecraft:gold_ingot":5},"minecraft:picked_up":{"biomesoplenty:lavender":33,"minecraft:cooked_beef":8,"minecraft:chicken":1,"minecraft:flower_pot":2,"irons_spellbooks:affinity_ring":1,"minecraft:leather":1,"minecraft:oak_log":1,"sushigocrafting:soy_seeds":2,"silentgear:sinew":3,"biomesoplenty:tall_lavender":1,"minecraft:item_frame":2,"minecraft:bone":1,"sushigocrafting:wasabi_seeds":1,"minecraft:wheat_seeds":1,"mysticalagriculture:inferium_essence":2,"minecraft:beef":10,"minecraft:azalea":3,"biomesoplenty:redwood_wood":64,"minecraft:gray_bed":2,"minecraft:egg":1,"apotheosis:gem":6,"thermal:strawberry_seeds":1,"potionsmaster:bezoar":2,"thermal:onion_seeds":1,"crafting_on_a_stick:crafting_table":1,"easy_villagers:villager":1,"minecraft:arrow":1,"minecraft:rotten_flesh":3,"immersiveengineering:seed":4,"minecraft:chainmail_helmet":1,"minecraft:mutton":5,"minecraft:white_wool":3,"minecraft:oxeye_daisy":2},"minecraft:killed_by":{"minecraft:husk":1,"minecraft:skeleton":1,"minecraft:zombie":1},"minecraft:crafted":{"minecraft:oak_planks":1,"minecraft:crafting_table":2,"biomesoplenty:redwood_planks":64,"crafting_on_a_stick:crafting_table":2,"minecraft:air":260,"minecraft:stick":4},"minecraft:killed":{"minecraft:sheep":3,"minecraft:skeleton":1,"minecraft:pillager":1,"minecraft:chicken":1,"eidolon:zombie_brute":1,"minecraft:cow":4},"minecraft:used":{"minecraft:trident":32,"minecraft:iron_chestplate":1,"easy_villagers:villager":1,"minecraft:iron_helmet":1,"minecraft:chainmail_boots":1,"tombstone:gift":1,"minecraft:egg":1,"minecraft:cooked_beef":5},"minecraft:custom":{"lootr:looted_stat":10,"minecraft:mob_kills":11,"tombstone:raider_killed":1,"minecraft:damage_dealt_resisted":0,"minecraft:eat_cake_slice":1,"minecraft:leave_game":6,"minecraft:time_since_death":2752,"minecraft:sleep_in_bed":1,"minecraft:climb_one_cm":2400,"minecraft:damage_resisted":0,"minecraft:time_since_rest":353,"minecraft:sprint_one_cm":93709,"minecraft:damage_taken":1223,"minecraft:walk_one_cm":81730,"minecraft:drop":30,"minecraft:damage_dealt":1556,"minecraft:talked_to_villager":1,"minecraft:fly_one_cm":167249,"minecraft:crouch_one_cm":948,"minecraft:play_time":42359,"tombstone:undead_killed":2,"minecraft:deaths":3,"minecraft:sneak_time":211,"minecraft:jump":703,"minecraft:total_world_time":42359,"minecraft:fall_one_cm":19557}},"DataVersion":3465}