{"stats":{"minecraft:custom":{"lootr:looted_stat":15,"minecraft:mob_kills":25,"minecraft:interact_with_crafting_table":2,"minecraft:damage_dealt_resisted":0,"minecraft:eat_cake_slice":1,"minecraft:leave_game":6,"minecraft:time_since_death":83840,"minecraft:climb_one_cm":2400,"minecraft:damage_resisted":0,"minecraft:sprint_one_cm":244965,"minecraft:walk_one_cm":230640,"minecraft:drop":139,"minecraft:talked_to_villager":1,"minecraft:play_time":133567,"minecraft:deaths":5,"minecraft:sneak_time":1484,"minecraft:walk_under_water_one_cm":5730,"minecraft:boat_one_cm":2351,"minecraft:jump":2334,"minecraft:walk_on_water_one_cm":10407,"minecraft:total_world_time":133567,"minecraft:interact_with_furnace":65,"tombstone:raider_killed":1,"minecraft:sleep_in_bed":1,"minecraft:time_since_rest":81441,"minecraft:damage_absorbed":40,"minecraft:damage_taken":2797,"minecraft:damage_dealt":4378,"minecraft:swim_one_cm":14739,"minecraft:fly_one_cm":443615,"minecraft:open_chest":68,"minecraft:crouch_one_cm":4016,"tombstone:undead_killed":5,"tombstone:villager_killed":1,"minecraft:interact_with_smoker":6,"minecraft:fall_one_cm":48624},"minecraft:picked_up":{"alltheores:osmium_ingot":1,"minecraft:chicken":1,"minecraft:flower_pot":2,"functionalstorage:oak_2":3,"irons_spellbooks:affinity_ring":1,"minecraft:lead":5,"ae2:silicon_press":1,"croptopia:calamari":3,"sushigocrafting:soy_seeds":2,"minecraft:string":1,"silentgear:sinew":3,"minecraft:raw_copper":358,"minecraft:item_frame":2,"biomesoplenty:tall_lavender":1,"mysticalagriculture:inferium_essence":52,"minecraft:cobbled_deepslate":147,"twigs:pebble":29,"minecraft:beef":14,"thermal:niter":4,"minecraft:azalea":3,"biomesoplenty:redwood_wood":64,"tombstone:tablet_of_assistance":1,"ae2:flawed_budding_quartz":2,"minecraft:egg":1,"minecraft:furnace":2,"minecraft:stick":18,"minecraft:raw_iron":71,"apotheosis:gem":7,"railcraft:sulfur_dust":56,"forbidden_arcanus:tentacle":1,"minecraft:copper_ingot":1,"mysticalagriculture:prosperity_shard":14,"minecraft:torch":13,"potionsmaster:bezoar":2,"minecraft:redstone":22,"easy_villagers:villager":1,"crafting_on_a_stick:crafting_table":1,"eidolon:tattered_cloth":2,"alltheores:raw_osmium_block":1,"minecraft:arrow":2,"minecraft:rotten_flesh":3,"ae2:certus_quartz_dust":1,"minecraft:music_disc_ward":1,"alltheores:osmium_dust":12,"ae2:calculation_processor_press":1,"ars_nouveau:sourceberry_bush":3,"alltheores:raw_osmium":62,"minecraft:mutton":5,"minecraft:white_wool":9,"pneumaticcraft:nuke_virus":1,"minecraft:cobblestone":2664,"minecraft:oxeye_daisy":2,"biomesoplenty:lavender":33,"minecraft:cooked_beef":8,"minecraft:lilac":13,"artifacts:eternal_steak":2,"minecraft:leather":5,"minecraft:smoker":1,"paraglider:spirit_orb":2,"minecraft:flint":14,"minecraft:tuff":46,"minecraft:oak_log":1,"minecraft:gunpowder":2,"ae2:damaged_budding_quartz":2,"farmersdelight:flint_knife":1,"quark:limestone":174,"minecraft:dirt":16,"alltheores:raw_tin":2,"sushigocrafting:wasabi_seeds":1,"minecraft:bone":1,"theurgy:sal_ammoniac_crystal":4,"minecraft:wheat_seeds":1,"minecraft:iron_ingot":17,"ae2:logic_processor_press":1,"minecraft:gray_bed":2,"ironfurnaces:iron_furnace":1,"minecraft:pumpkin":5,"minecraft:cooked_porkchop":5,"quark:shale":122,"thermal:strawberry_seeds":1,"ae2:certus_quartz_crystal":4,"sushigocrafting:cucumber_seeds":1,"minecraft:gravel":55,"minecraft:spruce_sapling":3,"minecraft:ink_sac":4,"minecraft:spruce_log":23,"ae2:quartz_block":4,"thermal:onion_seeds":1,"quark:jasper":37,"alltheores:raw_nickel":7,"immersiveengineering:seed":4,"ae2:chipped_budding_quartz":1,"alltheores:raw_aluminum":2,"evilcraft:dark_gem":19,"minecraft:granite":97,"ae2:engineering_processor_press":1,"minecraft:chainmail_helmet":1,"minecraft:baked_potato":7,"tombstone:magic_scroll":1,"thermal:amaranth_seeds":1,"minecraft:coal":475},"minecraft:mined":{"minecraft:infested_deepslate":2,"ae2:chipped_budding_quartz":2,"biomesoplenty:glowing_moss_block":1,"mysticalagriculture:prosperity_ore":4,"minecraft:tuff":46,"quark:shale":122,"ae2:quartz_cluster":1,"minecraft:granite":97,"minecraft:grass_block":5,"railcraft:sulfur_ore":14,"minecraft:potted_azalea_bush":1,"ars_nouveau:sourceberry_bush":2,"mysticalagriculture:inferium_ore":14,"quark:jasper":37,"alltheores:deepslate_tin_ore":2,"biomesoplenty:tall_lavender":1,"minecraft:furnace":2,"minecraft:iron_ore":31,"biomesoplenty:lavender":33,"ae2:damaged_budding_quartz":1,"minecraft:pumpkin":5,"evilcraft:dark_ore":1,"ae2:mysterious_cube":1,"biomesoplenty:hanging_cobweb":1,"minecraft:deepslate_iron_ore":21,"minecraft:vine":1,"biomesoplenty:webbing":1,"quark:limestone":174,"alltheores:aluminum_ore":2,"minecraft:stone":2568,"alltheores:nickel_ore":6,"ae2:large_quartz_bud":1,"minecraft:deepslate_redstone_ore":5,"ironfurnaces:iron_furnace":1,"alltheores:raw_osmium_block":1,"minecraft:torch":5,"minecraft:poppy":1,"minecraft:deepslate_coal_ore":13,"minecraft:potted_oxeye_daisy":1,"minecraft:copper_ore":93,"minecraft:tall_grass":1,"minecraft:cobblestone":10,"theurgy:sal_ammoniac_ore":4,"biomesoplenty:sprout":13,"alltheores:deepslate_nickel_ore":1,"minecraft:wall_torch":6,"ae2:flawless_budding_quartz":2,"alltheores:deepslate_osmium_ore":62,"minecraft:lilac":13,"minecraft:gray_bed":2,"minecraft:spruce_log":23,"ae2:quartz_block":3,"ae2:flawed_budding_quartz":1,"thermal:niter_ore":1,"minecraft:grass":39,"minecraft:oak_log":1,"minecraft:coal_ore":292,"minecraft:gravel":101,"minecraft:dirt":12,"mysticalagriculture:deepslate_prosperity_ore":1,"biomesoplenty:redwood_wood":64,"mysticalagriculture:deepslate_inferium_ore":2,"minecraft:deepslate":151,"minecraft:fern":1},"minecraft:killed_by":{"minecraft:husk":1,"minecraft:skeleton":2,"minecraft:zombie":2},"minecraft:used":{"minecraft:trident":32,"vanillaplustools:stone_hammer":392,"minecraft:cooked_chicken":3,"minecraft:iron_chestplate":1,"minecraft:torch":14,"functionalstorage:oak_2":3,"minecraft:spruce_boat":2,"quark:limestone":4,"tombstone:tablet_of_cupidity":3,"minecraft:iron_helmet":1,"ironfurnaces:iron_furnace":1,"silentgear:paxel":108,"ars_nouveau:sourceberry_bush":4,"minecraft:furnace":1,"minecraft:gray_bed":1,"tombstone:gift":1,"minecraft:egg":1,"minecraft:cooked_beef":7,"minecraft:cobbled_deepslate":1,"mekanismtools:osmium_paxel":40,"minecraft:baked_potato":7,"mekanismtools:stone_paxel":341,"artifacts:eternal_steak":1,"minecraft:golden_apple":1,"minecraft:smoker":2,"tombstone:bag_of_seeds":1,"easy_villagers:villager":1,"minecraft:apple":1,"tombstone:tablet_of_assistance":3,"silentgear:hammer":15,"minecraft:cobblestone":143,"minecraft:cooked_porkchop":2,"minecraft:chainmail_boots":2,"minecraft:chainmail_leggings":1},"minecraft:dropped":{"minecraft:iron_ingot":23,"thermal:onion_seeds":1,"minecraft:wheat_seeds":1,"mekanismtools:osmium_boots":1,"minecraft:lilac":13,"alltheores:raw_nickel":7,"sushigocrafting:wasabi_seeds":1,"biomesoplenty:lavender":33,"minecraft:cobblestone":1556,"minecraft:lead":5,"eidolon:tattered_cloth":2,"minecraft:granite":71,"evilcraft:dark_gem":28,"quark:limestone":170,"ae2:quartz_block":4,"silentgear:sinew":2,"minecraft:chainmail_helmet":2,"mekanismtools:osmium_helmet":1,"minecraft:item_frame":2,"minecraft:stick":31,"minecraft:oxeye_daisy":2,"twigs:pebble":29,"minecraft:dirt":14,"irons_spellbooks:affinity_ring":1,"ae2:chipped_budding_quartz":1,"tombstone:grave_key":2,"minecraft:gray_bed":1,"mekanismtools:osmium_paxel":1,"alltheores:raw_tin":2,"pneumaticcraft:nuke_virus":1,"potionsmaster:bezoar":1,"quark:jasper":4,"ae2:silicon_press":1,"sushigocrafting:soy_seeds":2,"minecraft:spruce_sapling":3,"minecraft:gold_ingot":5,"minecraft:gravel":55,"ae2:calculation_processor_press":1,"ae2:engineering_processor_press":1,"minecraft:compass":1,"minecraft:cobbled_deepslate":146,"thermal:amaranth_seeds":1,"silentgear:hammer":1,"sushigocrafting:cucumber_seeds":1,"minecraft:tuff":46,"minecraft:chicken":1,"minecraft:rotten_flesh":2,"theurgy:sal_ammoniac_crystal":4,"ae2:logic_processor_press":1,"sophisticatedbackpacks:backpack":1,"ae2:flawed_budding_quartz":2,"evilcraft:origins_of_darkness":1,"thermal:strawberry_seeds":1,"quark:shale":122,"pneumaticcraft:ingot_iron_compressed":1,"patchouli:guide_book":1,"mekanismtools:osmium_chestplate":1,"crafting_on_a_stick:crafting_table":2,"farmersdelight:flint_knife":1,"minecraft:gunpowder":2,"minecraft:spruce_planks":5,"ae2:certus_quartz_dust":1,"ae2:damaged_budding_quartz":2,"apotheosis:gem":1,"minecraft:azalea":3,"artifacts:eternal_steak":2,"easy_villagers:villager":1,"minecraft:arrow":1,"minecraft:wooden_pickaxe":1,"botania:black_lotus":1,"thermal:niter":4,"immersiveengineering:seed":4,"biomesoplenty:tall_lavender":1,"ae2:certus_quartz_crystal":4},"minecraft:killed":{"minecraft:spider":1,"minecraft:skeleton":2,"minecraft:chicken":1,"minecraft:silverfish":2,"minecraft:wandering_trader":1,"minecraft:squid":2,"minecraft:creeper":1,"minecraft:sheep":3,"minecraft:trader_llama":3,"minecraft:pillager":1,"minecraft:zombie":2,"eidolon:zombie_brute":1,"minecraft:cow":5},"minecraft:crafted":{"alltheores:osmium_nugget":1,"mekanismtools:osmium_paxel":2,"minecraft:oak_planks":1,"minecraft:stone_shovel":2,"vanillaplustools:stone_hammer":3,"alltheores:raw_osmium":1,"mekanismtools:osmium_shovel":2,"mekanismtools:osmium_chestplate":2,"alltheores:copper_dust":15,"alltheores:iron_ore_hammer":1,"minecraft:furnace":1,"ironfurnaces:iron_furnace":1,"alltheores:copper_ore_hammer":1,"mekanismtools:osmium_axe":2,"alltheores:osmium_dust":71,"minecraft:stone_pickaxe":29,"minecraft:spruce_boat":2,"minecraft:copper_block":4,"mekanismtools:osmium_boots":2,"mekanismtools:osmium_helmet":2,"mekanismtools:osmium_pickaxe":2,"sophisticatedbackpacks:iron_backpack":1,"minecraft:cooked_beef":2,"minecraft:coal_block":35,"alltheores:osmium_ingot":1,"minecraft:crafting_table":3,"minecraft:spruce_planks":30,"biomesoplenty:redwood_planks":64,"minecraft:wooden_pickaxe":1,"minecraft:copper_ingot":40,"mekanismtools:osmium_leggings":1,"crafting_on_a_stick:crafting_table":3,"minecraft:stone_axe":2,"mekanismtools:stone_paxel":2,"minecraft:orange_dye":1,"minecraft:air":948,"minecraft:stick":35,"minecraft:iron_ingot":15,"minecraft:compass":1,"minecraft:iron_block":2,"alltheores:iron_dust":41,"minecraft:torch":33},"minecraft:broken":{"mekanismtools:stone_paxel":1,"vanillaplustools:stone_hammer":3}},"DataVersion":3465}