{"stats":{"minecraft:mined":{"minecraft:spruce_planks":3,"minecraft:white_bed":3,"minecraft:red_nether_bricks":2,"minecraft:brewing_stand":1,"minecraft:granite":97,"minecraft:grass_block":69,"ae2:quartz_cluster":1,"railcraft:sulfur_ore":19,"biomesoplenty:wilted_lily":2,"ars_nouveau:sourceberry_bush":2,"minecraft:chiseled_stone_bricks":1,"mysticalagriculture:inferium_ore":14,"minecraft:spawner":27,"biomesoplenty:tall_lavender":1,"minecraft:glowstone":1,"minecraft:iron_ore":36,"minecraft:cobbled_deepslate":3,"biomesoplenty:lavender":33,"minecraft:pumpkin":5,"biomesoplenty:hanging_cobweb":1,"biomesoplenty:webbing":1,"minecraft:iron_bars":9,"quark:limestone":238,"alltheores:nickel_ore":6,"ae2:large_quartz_bud":1,"botania:potted_blue_mushroom":1,"minecraft:deepslate_redstone_ore":15,"minecraft:quartz_block":17,"ironfurnaces:iron_furnace":1,"minecraft:clay":23,"alltheores:raw_osmium_block":1,"minecraft:torch":10,"minecraft:blast_furnace":1,"minecraft:melon":6,"minecraft:poppy":143,"minecraft:cobblestone":10,"minecraft:sugar_cane":6,"alltheores:deepslate_nickel_ore":1,"minecraft:wall_torch":12,"ars_nouveau:archwood_planks":3,"alltheores:deepslate_osmium_ore":63,"minecraft:lilac":13,"minecraft:potted_poppy":1,"ae2:flawed_budding_quartz":1,"minecraft:grass":154,"thermal:niter_ore":1,"ae2:quartz_block":3,"minecraft:oak_log":1,"botania:potted_brown_mystical_flower":1,"alltheores:raw_platinum_block":1,"minecraft:dirt":140,"mysticalagriculture:deepslate_prosperity_ore":17,"mysticalagriculture:deepslate_inferium_ore":2,"minecraft:deepslate":344,"biomesoplenty:glowing_moss_block":1,"minecraft:infested_deepslate":2,"ae2:chipped_budding_quartz":2,"mysticalagriculture:prosperity_ore":4,"minecraft:tuff":54,"alltheores:zinc_ore":5,"minecraft:mossy_cobblestone":4,"minecraft:deepslate_diamond_ore":3,"silentgear:wild_flax_plant":1,"quark:shale":305,"minecraft:nether_bricks":7,"alltheores:deepslate_silver_ore":3,"minecraft:potted_azalea_bush":1,"quark:jasper":124,"alltheores:deepslate_tin_ore":2,"minecraft:furnace":2,"ae2:damaged_budding_quartz":1,"ars_nouveau:bombegranate_pod":1,"evilcraft:dark_ore":1,"minecraft:gold_block":1,"ae2:mysterious_cube":1,"minecraft:mossy_stone_brick_stairs":2,"minecraft:bookshelf":55,"alltheores:deepslate_platinum_ore":28,"minecraft:deepslate_iron_ore":23,"minecraft:vine":3,"alltheores:aluminum_ore":2,"minecraft:stone":3031,"ars_nouveau:purple_archwood_log":64,"minecraft:potted_allium":1,"minecraft:redstone_block":3,"minecraft:polished_granite":2,"minecraft:rose_bush":3,"minecraft:deepslate_gold_ore":15,"minecraft:potted_oxeye_daisy":1,"minecraft:copper_ore":93,"minecraft:tall_grass":3,"minecraft:deepslate_coal_ore":13,"biomesoplenty:sprout":15,"theurgy:sal_ammoniac_ore":4,"minecraft:lapis_ore":6,"supplementaries:urn":3,"minecraft:cactus":4,"ae2:flawless_budding_quartz":2,"minecraft:gray_bed":2,"minecraft:spruce_log":23,"botania:potted_light_blue_shiny_flower":1,"minecraft:coal_ore":292,"minecraft:dripstone_block":2,"minecraft:gravel":102,"minecraft:cracked_stone_bricks":9,"minecraft:terracotta":195,"minecraft:polished_andesite":1,"minecraft:stone_bricks":9,"minecraft:mossy_stone_bricks":10,"biomesoplenty:redwood_wood":64,"minecraft:infested_stone":1,"minecraft:fern":2},"minecraft:used":{"minecraft:iron_chestplate":1,"functionalstorage:oak_2":3,"quark:limestone":4,"minecraft:spruce_boat":5,"tombstone:tablet_of_cupidity":3,"minecraft:iron_helmet":1,"minecraft:stone_bricks":2,"ironfurnaces:iron_furnace":3,"silentgear:paxel":174,"minecraft:furnace":1,"ars_nouveau:sourceberry_bush":4,"minecraft:gray_bed":1,"minecraft:egg":1,"mekanismtools:osmium_paxel":878,"artifacts:eternal_steak":1,"minecraft:golden_apple":8,"ars_nouveau:archwood_planks":8,"waystones:waystone":4,"easy_villagers:villager":1,"minecraft:bread":30,"minecraft:polished_granite":2,"minecraft:chainmail_boots":2,"minecraft:trident":32,"minecraft:iron_bars":2,"vanillaplustools:stone_hammer":392,"minecraft:cooked_chicken":3,"minecraft:torch":82,"evilcraft:box_of_eternal_closure":2,"tombstone:gift":2,"minecraft:cooked_beef":13,"minecraft:cobbled_deepslate":5,"minecraft:water_bucket":6,"minecraft:baked_potato":7,"mekanismtools:stone_paxel":341,"minecraft:cauldron":1,"minecraft:white_bed":5,"minecraft:smoker":2,"tombstone:bag_of_seeds":1,"minecraft:apple":1,"tombstone:tablet_of_assistance":3,"silentgear:hammer":15,"productivebees:advanced_oak_beehive":1,"minecraft:potion":2,"minecraft:cobblestone":150,"sophisticatedstorage:iron_chest":8,"vanillaplustools:iron_hammer":122,"minecraft:cooked_porkchop":4,"minecraft:bucket":7,"minecraft:chainmail_leggings":1},"minecraft:custom":{"lootr:looted_stat":97,"minecraft:interact_with_crafting_table":5,"minecraft:eat_cake_slice":1,"minecraft:leave_game":7,"minecraft:time_since_death":113453,"minecraft:damage_resisted":0,"minecraft:sprint_one_cm":615385,"minecraft:drop":264,"minecraft:talked_to_villager":3,"minecraft:play_time":284157,"minecraft:deaths":6,"minecraft:jump":5077,"minecraft:walk_on_water_one_cm":24194,"minecraft:interact_with_furnace":92,"minecraft:sleep_in_bed":6,"minecraft:waystone_activated":5,"minecraft:damage_dealt":15404,"minecraft:crouch_one_cm":6612,"tombstone:undead_killed":35,"tombstone:villager_killed":1,"minecraft:interact_with_smoker":6,"minecraft:mob_kills":81,"minecraft:damage_dealt_resisted":0,"minecraft:climb_one_cm":8363,"minecraft:walk_one_cm":474139,"minecraft:sneak_time":2357,"minecraft:walk_under_water_one_cm":11533,"minecraft:boat_one_cm":71972,"minecraft:total_world_time":284157,"tombstone:raider_killed":1,"minecraft:time_since_rest":7618,"minecraft:damage_taken":5344,"minecraft:damage_absorbed":278,"minecraft:swim_one_cm":50532,"minecraft:fly_one_cm":1294844,"minecraft:open_chest":181,"minecraft:fall_one_cm":209990},"minecraft:killed":{"minecraft:cave_spider":2,"minecraft:spider":13,"minecraft:skeleton":8,"minecraft:chicken":1,"minecraft:silverfish":3,"irons_spellbooks:necromancer":1,"minecraft:creeper":3,"minecraft:sheep":11,"minecraft:trader_llama":3,"minecraft:pillager":1,"minecraft:zombie":15,"minecraft:stray":5,"eidolon:zombie_brute":1,"minecraft:cow":5,"eidolon:wraith":1,"minecraft:wandering_trader":1,"minecraft:squid":2,"minecraft:wither_skeleton":4},"minecraft:dropped":{"forbidden_arcanus:artisan_relic":1,"minecraft:iron_sword":1,"occultism:datura_seeds":4,"productivebees:advanced_oak_beehive":1,"alltheores:raw_silver":2,"minecraft:cooked_beef":4,"alltheores:raw_nickel":7,"minecraft:ender_pearl":2,"minecraft:diamond":9,"minecraft:leather":1,"minecraft:honeycomb":3,"quark:limestone":280,"paraglider:spirit_orb":4,"minecraft:item_frame":2,"minecraft:flint":1,"twigs:pebble":29,"minecraft:dirt":270,"minecraft:mutton":11,"mekanismtools:osmium_paxel":2,"biomesoplenty:wilted_lily":2,"minecraft:gold_nugget":3,"pneumaticcraft:nuke_virus":1,"alltheores:raw_tin":2,"minecraft:iron_pickaxe":3,"ae2:silicon_press":1,"thermal:green_bean_seeds":1,"sushigocrafting:soy_seeds":4,"minecraft:gold_ingot":5,"minecraft:gravel":55,"ae2:calculation_processor_press":1,"twilightforest:fiery_boots":2,"pneumaticcraft:spawner_agitator":1,"ae2:engineering_processor_press":1,"minecraft:compass":1,"minecraft:golden_chestplate":1,"minecraft:cobbled_deepslate":146,"mysticalagriculture:prudentium_essence":1,"croptopia:fruit_salad":1,"minecraft:obsidian":33,"tombstone:gift":1,"minecraft:rotten_flesh":11,"thermal:strawberry_seeds":3,"minecraft:honey_bottle":2,"minecraft:white_bed":2,"quark:shale":122,"biomesoplenty:white_petals":3,"patchouli:guide_book":3,"minecraft:poppy":49,"crafting_on_a_stick:crafting_table":2,"minecraft:turtle_helmet":1,"minecraft:gunpowder":2,"apotheosis:gem":1,"minecraft:azalea":3,"ae2:damaged_budding_quartz":2,"minecraft:arrow":1,"botania:black_lotus":2,"immersiveengineering:seed":9,"biomesoplenty:tall_lavender":1,"minecraft:bread":20,"minecraft:iron_ingot":23,"thermal:onion_seeds":1,"minecraft:wheat_seeds":4,"minecraft:lilac":13,"mekanismtools:osmium_boots":2,"minecraft:tnt":1,"sushigocrafting:wasabi_seeds":1,"evilcraft:condensed_blood":27,"minecraft:diamond_leggings":1,"biomesoplenty:lavender":33,"minecraft:feather":25,"minecraft:cobblestone":1752,"minecraft:lead":5,"minecraft:book":11,"eidolon:tattered_cloth":2,"evilcraft:dark_gem":28,"minecraft:granite":71,"silentgear:flax_seeds":1,"silentgear:sinew":6,"ae2:quartz_block":4,"minecraft:chainmail_helmet":2,"mekanismtools:osmium_helmet":1,"minecraft:stick":31,"minecraft:oxeye_daisy":2,"evilcraft:blood_extractor":2,"ars_nouveau:bombegranate_pod":3,"irons_spellbooks:affinity_ring":1,"tombstone:magic_scroll":1,"minecraft:torch":28,"ae2:chipped_budding_quartz":1,"tombstone:grave_key":2,"minecraft:gray_bed":1,"minecraft:rose_bush":3,"forbidden_arcanus:spawner_scrap":3,"potionsmaster:bezoar":2,"quark:jasper":4,"minecraft:dandelion":2,"minecraft:spruce_sapling":3,"silentgear:pickaxe":2,"enderio:broken_spawner":2,"silentgear:hammer":1,"sushigocrafting:cucumber_seeds":3,"thermal:amaranth_seeds":1,"alltheores:raw_osmium":3,"minecraft:tuff":46,"minecraft:raw_iron":5,"minecraft:chicken":1,"theurgy:sal_ammoniac_crystal":4,"minecraft:clay_ball":33,"minecraft:iron_boots":1,"ae2:logic_processor_press":1,"sophisticatedbackpacks:backpack":1,"ae2:flawed_budding_quartz":2,"supplementaries:pedestal":1,"evilcraft:origins_of_darkness":1,"pneumaticcraft:ingot_iron_compressed":1,"thermal:sadiroot_seeds":2,"mekanismtools:osmium_chestplate":1,"thermal:tomato_seeds":2,"minecraft:diamond_sword":2,"farmersdelight:flint_knife":1,"thermal:hops_seeds":1,"minecraft:allium":1,"minecraft:diamond_chestplate":1,"silentgear:paxel":1,"croptopia:kiwi_seed":4,"minecraft:spruce_planks":5,"minecraft:diamond_pickaxe":1,"minecraft:mossy_stone_bricks":2,"minecraft:golden_leggings":1,"ae2:certus_quartz_dust":17,"artifacts:eternal_steak":2,"easy_villagers:villager":1,"minecraft:spider_eye":5,"minecraft:stone_bricks":2,"minecraft:diamond_boots":1,"minecraft:wooden_pickaxe":1,"thermal:niter":4,"ae2:certus_quartz_crystal":4,"minecraft:black_wool":1},"minecraft:crafted":{"minecraft:oak_planks":1,"alltheores:copper_dust":87,"alltheores:iron_ore_hammer":1,"mekanismtools:osmium_chestplate":2,"ironfurnaces:iron_furnace":1,"vanillaplustools:iron_hammer":1,"alltheores:osmium_dust":74,"minecraft:raw_copper":51,"minecraft:chest":8,"mekanismtools:osmium_boots":2,"minecraft:copper_block":8,"mekanismtools:osmium_pickaxe":2,"minecraft:crafting_table":3,"minecraft:spruce_planks":30,"minecraft:wooden_pickaxe":1,"minecraft:copper_ingot":42,"mekanismtools:osmium_leggings":1,"mekanismtools:stone_paxel":2,"sophisticatedbackpacks:diamond_backpack":1,"minecraft:stick":37,"minecraft:iron_ingot":15,"minecraft:compass":1,"minecraft:iron_pickaxe":5,"minecraft:iron_block":2,"minecraft:redstone_torch":8,"alltheores:osmium_nugget":1,"mekanismtools:osmium_paxel":2,"minecraft:raw_iron":7,"minecraft:redstone":1,"minecraft:coal":35,"minecraft:stone_shovel":2,"vanillaplustools:stone_hammer":3,"alltheores:raw_osmium":1,"mekanismtools:osmium_shovel":2,"sophisticatedstorage:iron_chest":8,"minecraft:furnace":1,"alltheores:gold_dust":49,"minecraft:quartz":12,"minecraft:raw_copper_block":40,"mekanismtools:osmium_axe":2,"alltheores:copper_ore_hammer":3,"minecraft:stone_pickaxe":29,"mysticalagriculture:nature_agglomeratio":4,"minecraft:spruce_boat":4,"mekanismtools:osmium_helmet":2,"sophisticatedbackpacks:iron_backpack":1,"minecraft:cooked_beef":2,"minecraft:coal_block":35,"minecraft:red_dye":93,"alltheores:osmium_ingot":1,"biomesoplenty:redwood_planks":64,"sophisticatedbackpacks:gold_backpack":1,"minecraft:bucket":1,"crafting_on_a_stick:crafting_table":3,"minecraft:stone_axe":2,"minecraft:orange_dye":1,"minecraft:bread":10,"minecraft:air":2334,"sophisticatedstorage:chest":8,"minecraft:white_wool":4,"minecraft:raw_gold":3,"alltheores:raw_platinum":1,"alltheores:iron_dust":45,"minecraft:white_bed":3,"minecraft:torch":33},"minecraft:picked_up":{"minecraft:redstone_block":7,"minecraft:flower_pot":6,"irons_spellbooks:affinity_ring":1,"minecraft:lead":5,"minecraft:diamond_sword":1,"aether:iron_gloves":1,"croptopia:calamari":3,"ars_nouveau:bombegranate_pod":3,"forbidden_arcanus:artisan_relic":1,"minecraft:brewing_stand":1,"silentgear:sinew":9,"minecraft:string":15,"minecraft:raw_copper":358,"minecraft:red_nether_bricks":2,"biomesoplenty:tall_lavender":1,"irons_spellbooks:arcane_essence":1,"minecraft:diamond_leggings":1,"mysticalagriculture:inferium_essence":68,"minecraft:gold_nugget":3,"minecraft:cobbled_deepslate":318,"twigs:pebble":29,"minecraft:spruce_planks":3,"minecraft:rose_bush":3,"minecraft:azalea":3,"minecraft:iron_pickaxe":3,"minecraft:melon_slice":28,"biomesoplenty:redwood_wood":64,"wstweaks:fragment":17,"evilcraft:blood_extractor":5,"ae2:flawed_budding_quartz":2,"minecraft:furnace":2,"minecraft:iron_boots":2,"minecraft:tipped_arrow":4,"minecraft:stick":18,"apotheosis:gem":13,"railcraft:sulfur_dust":72,"forbidden_arcanus:tentacle":1,"thermal:sadiroot_seeds":2,"minecraft:torch":31,"mysticalagriculture:prosperity_shard":48,"potionsmaster:bezoar":6,"twilightforest:fiery_boots":2,"tombstone:grave_dust":8,"aether:golden_gloves":1,"minecraft:golden_chestplate":1,"thermal:corn_seeds":1,"easy_villagers:villager":1,"eidolon:tattered_cloth":2,"minecraft:quartz_block":15,"minecraft:cactus":4,"minecraft:honey_bottle":4,"minecraft:rotten_flesh":15,"minecraft:music_disc_ward":1,"aether:chainmail_gloves":1,"alltheores:osmium_dust":12,"occultism:datura":1,"supplementaries:ash":3,"biomesoplenty:white_petals":3,"mysticalagriculture:prudentium_essence":2,"ars_nouveau:sourceberry_bush":3,"evilcraft:condensed_blood":27,"minecraft:obsidian":63,"minecraft:iron_bars":8,"minecraft:cobblestone":3175,"silentgear:paxel":1,"biomesoplenty:lavender":33,"minecraft:feather":23,"occultism:datura_seeds":9,"minecraft:cooked_beef":12,"minecraft:lilac":13,"minecraft:iron_door":1,"minecraft:golden_leggings":2,"minecraft:smoker":1,"paraglider:spirit_orb":122,"minecraft:flint":15,"minecraft:tuff":54,"minecraft:lapis_lazuli":33,"ae2:damaged_budding_quartz":2,"minecraft:dirt":356,"minecraft:polished_granite":2,"bhc:red_heart":1,"croptopia:kiwi_seed":4,"productivebees:advanced_oak_beehive":2,"sushigocrafting:wasabi_seeds":3,"alltheores:raw_tin":2,"minecraft:bone":18,"thermal:hops_seeds":1,"theurgy:sal_ammoniac_crystal":4,"minecraft:bow":2,"minecraft:wheat_seeds":7,"minecraft:raw_gold":15,"ae2:logic_processor_press":1,"minecraft:mossy_stone_bricks":10,"minecraft:glowstone_dust":2,"twigs:twig":2,"minecraft:honeycomb":6,"ironfurnaces:iron_furnace":2,"minecraft:mossy_stone_brick_stairs":2,"silentgear:fine_silk":1,"silentgear:pickaxe":1,"irons_spellbooks:frozen_bone":27,"minecraft:cooked_porkchop":5,"patchouli:guide_book":2,"quark:shale":295,"ae2:certus_quartz_crystal":4,"minecraft:ink_sac":4,"thermal:onion_seeds":1,"ae2:quartz_block":4,"minecraft:mossy_cobblestone":4,"quark:jasper":103,"alltheores:raw_nickel":7,"minecraft:spruce_boat":1,"minecraft:diamond":13,"ae2:chipped_budding_quartz":1,"waystones:waystone":5,"alltheores:raw_aluminum":2,"minecraft:granite":97,"minecraft:emerald":2,"minecraft:chainmail_helmet":2,"minecraft:bread":90,"alltheores:raw_platinum":28,"twigs:petrified_lichen":1,"croptopia:greenonion":1,"minecraft:diamond_pickaxe":1,"mekanismtools:osmium_paxel":1,"alltheores:osmium_ingot":1,"minecraft:allium":2,"pneumaticcraft:programming_puzzle":6,"minecraft:chicken":1,"minecraft:clay_ball":61,"functionalstorage:oak_2":3,"minecraft:turtle_helmet":1,"ae2:silicon_press":1,"enderio:broken_spawner":56,"minecraft:shield":2,"sushigocrafting:soy_seeds":4,"ars_nouveau:archwood_planks":112,"minecraft:item_frame":2,"reliquary:chelicerae":2,"minecraft:cracked_stone_bricks":9,"minecraft:beef":14,"thermal:niter":4,"minecraft:poppy":143,"tombstone:tablet_of_assistance":1,"minecraft:sugar_cane":17,"minecraft:egg":1,"minecraft:raw_iron":83,"ars_nouveau:purple_archwood_log":64,"minecraft:oak_door":1,"alltheores:raw_zinc":3,"minecraft:copper_ingot":1,"biomesoplenty:wilted_lily":2,"ars_nouveau:purple_archwood_sapling":1,"alltheores:raw_platinum_block":1,"minecraft:redstone":66,"minecraft:stone_pressure_plate":2,"crafting_on_a_stick:crafting_table":1,"minecraft:diamond_chestplate":1,"croptopia:cantaloupe_seed":1,"minecraft:arrow":12,"alltheores:raw_osmium_block":1,"ae2:certus_quartz_dust":17,"minecraft:nether_bricks":7,"minecraft:diamond_boots":1,"minecraft:gold_ingot":4,"ae2:calculation_processor_press":1,"alltheores:raw_osmium":69,"minecraft:skeleton_skull":1,"minecraft:mutton":16,"minecraft:rail":1,"forbidden_arcanus:spawner_scrap":29,"minecraft:white_wool":16,"pneumaticcraft:nuke_virus":1,"minecraft:oxeye_daisy":2,"silentgear:flax_seeds":1,"artifacts:eternal_steak":2,"minecraft:leather":7,"croptopia:greenonion_seed":2,"minecraft:oak_log":1,"minecraft:gunpowder":4,"farmersdelight:flint_knife":1,"quark:limestone":284,"minecraft:stone_bricks":10,"twilightforest:ender_bow":1,"thermal:tomato_seeds":3,"minecraft:iron_ingot":122,"botania:light_blue_shiny_flower":1,"minecraft:gray_bed":2,"minecraft:soul_sand":1,"minecraft:book":194,"minecraft:pumpkin":5,"thermal:strawberry_seeds":3,"minecraft:dripstone_block":2,"minecraft:raw_iron_block":7,"minecraft:dandelion":2,"sushigocrafting:cucumber_seeds":4,"minecraft:gravel":55,"minecraft:spruce_sapling":3,"thermal:green_bean_seeds":1,"minecraft:white_bed":4,"minecraft:spruce_log":23,"minecraft:spider_eye":4,"mekanismtools:osmium_boots":1,"immersiveengineering:seed":19,"minecraft:chainmail_leggings":2,"evilcraft:dark_gem":19,"alltheores:raw_silver":4,"minecraft:black_wool":3,"ae2:engineering_processor_press":1,"twilightforest:fiery_leggings":1,"minecraft:baked_potato":7,"minecraft:terracotta":131,"tombstone:magic_scroll":3,"thermal:amaranth_seeds":3,"minecraft:coal":483,"minecraft:ender_pearl":2},"minecraft:broken":{"mekanismtools:stone_paxel":1,"vanillaplustools:stone_hammer":3},"minecraft:killed_by":{"minecraft:zombie":3,"minecraft:husk":1,"minecraft:skeleton":2}},"DataVersion":3465}