{"stats":{"minecraft:custom":{"lootr:looted_stat":12,"minecraft:mob_kills":14,"minecraft:interact_with_crafting_table":2,"minecraft:damage_dealt_resisted":0,"minecraft:eat_cake_slice":1,"minecraft:leave_game":6,"minecraft:time_since_death":47840,"minecraft:climb_one_cm":2400,"minecraft:damage_resisted":0,"minecraft:sprint_one_cm":197830,"minecraft:walk_one_cm":187410,"minecraft:drop":76,"minecraft:talked_to_villager":1,"minecraft:play_time":97567,"minecraft:deaths":5,"minecraft:sneak_time":1013,"minecraft:walk_under_water_one_cm":1339,"minecraft:jump":1723,"minecraft:walk_on_water_one_cm":7158,"minecraft:total_world_time":97567,"minecraft:interact_with_furnace":25,"tombstone:raider_killed":1,"minecraft:sleep_in_bed":1,"minecraft:time_since_rest":45441,"minecraft:damage_absorbed":40,"minecraft:damage_taken":2531,"minecraft:damage_dealt":2021,"minecraft:fly_one_cm":371030,"minecraft:open_chest":19,"minecraft:crouch_one_cm":2371,"tombstone:undead_killed":3,"minecraft:interact_with_smoker":5,"minecraft:fall_one_cm":34674},"minecraft:picked_up":{"minecraft:chicken":1,"minecraft:flower_pot":2,"irons_spellbooks:affinity_ring":1,"minecraft:lead":4,"sushigocrafting:soy_seeds":2,"minecraft:string":1,"silentgear:sinew":3,"minecraft:raw_copper":199,"minecraft:item_frame":2,"biomesoplenty:tall_lavender":1,"mysticalagriculture:inferium_essence":2,"twigs:pebble":29,"minecraft:beef":12,"thermal:niter":4,"minecraft:azalea":3,"biomesoplenty:redwood_wood":64,"minecraft:egg":1,"minecraft:furnace":1,"minecraft:stick":18,"minecraft:raw_iron":50,"apotheosis:gem":7,"railcraft:sulfur_dust":56,"minecraft:torch":11,"potionsmaster:bezoar":2,"easy_villagers:villager":1,"crafting_on_a_stick:crafting_table":1,"eidolon:tattered_cloth":2,"minecraft:arrow":1,"minecraft:rotten_flesh":3,"minecraft:mutton":5,"minecraft:white_wool":9,"pneumaticcraft:nuke_virus":1,"minecraft:cobblestone":2051,"minecraft:oxeye_daisy":2,"biomesoplenty:lavender":33,"minecraft:cooked_beef":8,"minecraft:lilac":13,"artifacts:eternal_steak":1,"minecraft:leather":1,"minecraft:smoker":1,"paraglider:spirit_orb":2,"minecraft:flint":14,"minecraft:oak_log":1,"minecraft:gunpowder":2,"farmersdelight:flint_knife":1,"quark:limestone":114,"minecraft:dirt":6,"sushigocrafting:wasabi_seeds":1,"minecraft:bone":1,"minecraft:wheat_seeds":1,"minecraft:iron_ingot":17,"minecraft:gray_bed":2,"quark:shale":66,"thermal:strawberry_seeds":1,"sushigocrafting:cucumber_seeds":1,"minecraft:gravel":55,"minecraft:spruce_sapling":3,"minecraft:spruce_log":23,"thermal:onion_seeds":1,"quark:jasper":33,"alltheores:raw_nickel":6,"immersiveengineering:seed":4,"alltheores:raw_aluminum":2,"evilcraft:dark_gem":5,"minecraft:granite":37,"minecraft:chainmail_helmet":1,"minecraft:baked_potato":7,"thermal:amaranth_seeds":1,"minecraft:coal":314},"minecraft:mined":{"biomesoplenty:glowing_moss_block":1,"quark:shale":66,"minecraft:granite":37,"minecraft:grass_block":2,"railcraft:sulfur_ore":14,"minecraft:potted_azalea_bush":1,"quark:jasper":33,"biomesoplenty:tall_lavender":1,"minecraft:furnace":1,"minecraft:iron_ore":31,"biomesoplenty:lavender":33,"evilcraft:dark_ore":1,"biomesoplenty:hanging_cobweb":1,"minecraft:vine":1,"biomesoplenty:webbing":1,"quark:limestone":114,"alltheores:aluminum_ore":2,"minecraft:stone":1894,"alltheores:nickel_ore":6,"minecraft:torch":4,"minecraft:poppy":1,"minecraft:potted_oxeye_daisy":1,"minecraft:copper_ore":50,"minecraft:tall_grass":1,"minecraft:cobblestone":6,"biomesoplenty:sprout":13,"minecraft:wall_torch":5,"minecraft:lilac":13,"minecraft:gray_bed":2,"minecraft:spruce_log":23,"thermal:niter_ore":1,"minecraft:grass":39,"minecraft:oak_log":1,"minecraft:coal_ore":254,"minecraft:gravel":101,"biomesoplenty:redwood_wood":64,"minecraft:fern":1},"minecraft:killed_by":{"minecraft:husk":1,"minecraft:skeleton":2,"minecraft:zombie":2},"minecraft:used":{"minecraft:trident":32,"vanillaplustools:stone_hammer":259,"minecraft:iron_chestplate":1,"minecraft:torch":8,"quark:limestone":2,"tombstone:tablet_of_cupidity":3,"minecraft:iron_helmet":1,"ironfurnaces:iron_furnace":1,"minecraft:furnace":1,"tombstone:gift":1,"minecraft:egg":1,"minecraft:cooked_beef":7,"minecraft:baked_potato":7,"mekanismtools:stone_paxel":302,"artifacts:eternal_steak":1,"minecraft:golden_apple":1,"minecraft:smoker":2,"tombstone:bag_of_seeds":1,"easy_villagers:villager":1,"silentgear:hammer":15,"minecraft:cobblestone":21,"minecraft:chainmail_boots":1,"minecraft:chainmail_leggings":1},"minecraft:dropped":{"minecraft:iron_ingot":17,"thermal:onion_seeds":1,"minecraft:wheat_seeds":1,"minecraft:lilac":13,"sushigocrafting:wasabi_seeds":1,"biomesoplenty:lavender":33,"minecraft:cobblestone":722,"minecraft:lead":4,"eidolon:tattered_cloth":2,"minecraft:granite":11,"quark:limestone":68,"silentgear:sinew":2,"minecraft:chainmail_helmet":2,"minecraft:item_frame":2,"minecraft:stick":31,"minecraft:oxeye_daisy":2,"twigs:pebble":29,"minecraft:dirt":6,"irons_spellbooks:affinity_ring":1,"tombstone:grave_key":2,"minecraft:gray_bed":1,"pneumaticcraft:nuke_virus":1,"potionsmaster:bezoar":1,"sushigocrafting:soy_seeds":2,"minecraft:spruce_sapling":3,"minecraft:gold_ingot":5,"minecraft:gravel":55,"thermal:amaranth_seeds":1,"silentgear:hammer":1,"sushigocrafting:cucumber_seeds":1,"minecraft:chicken":1,"minecraft:rotten_flesh":2,"sophisticatedbackpacks:backpack":1,"thermal:strawberry_seeds":1,"quark:shale":1,"patchouli:guide_book":1,"crafting_on_a_stick:crafting_table":2,"apotheosis:gem":1,"minecraft:azalea":3,"artifacts:eternal_steak":1,"easy_villagers:villager":1,"minecraft:wooden_pickaxe":1,"thermal:niter":4,"immersiveengineering:seed":4,"biomesoplenty:tall_lavender":1},"minecraft:killed":{"minecraft:spider":1,"minecraft:skeleton":1,"minecraft:chicken":1,"minecraft:creeper":1,"minecraft:sheep":3,"minecraft:pillager":1,"minecraft:zombie":1,"eidolon:zombie_brute":1,"minecraft:cow":4},"minecraft:crafted":{"minecraft:oak_planks":1,"minecraft:stone_shovel":2,"vanillaplustools:stone_hammer":3,"alltheores:iron_ore_hammer":1,"minecraft:furnace":1,"ironfurnaces:iron_furnace":1,"minecraft:stone_pickaxe":29,"sophisticatedbackpacks:iron_backpack":1,"minecraft:cooked_beef":2,"minecraft:crafting_table":3,"minecraft:spruce_planks":15,"biomesoplenty:redwood_planks":64,"minecraft:wooden_pickaxe":1,"crafting_on_a_stick:crafting_table":3,"minecraft:stone_axe":2,"mekanismtools:stone_paxel":2,"minecraft:air":574,"minecraft:stick":35,"minecraft:iron_ingot":15,"minecraft:iron_block":2,"alltheores:iron_dust":5,"minecraft:torch":33},"minecraft:broken":{"mekanismtools:stone_paxel":1,"vanillaplustools:stone_hammer":1}},"DataVersion":3465}