{"stats":{"minecraft:picked_up":{"biomesoplenty:lavender":33,"minecraft:cooked_beef":8,"minecraft:chicken":1,"minecraft:flower_pot":2,"minecraft:leather":1,"minecraft:oak_log":1,"sushigocrafting:soy_seeds":2,"silentgear:sinew":2,"minecraft:item_frame":2,"biomesoplenty:tall_lavender":1,"sushigocrafting:wasabi_seeds":1,"minecraft:wheat_seeds":1,"mysticalagriculture:inferium_essence":1,"minecraft:beef":7,"minecraft:azalea":3,"biomesoplenty:redwood_wood":64,"minecraft:gray_bed":1,"minecraft:egg":1,"apotheosis:gem":5,"thermal:strawberry_seeds":1,"potionsmaster:bezoar":1,"thermal:onion_seeds":1,"easy_villagers:villager":1,"crafting_on_a_stick:crafting_table":1,"immersiveengineering:seed":4,"minecraft:chainmail_helmet":1,"minecraft:mutton":1,"minecraft:white_wool":1,"minecraft:oxeye_daisy":2},"minecraft:crafted":{"minecraft:oak_planks":1,"minecraft:crafting_table":2,"biomesoplenty:redwood_planks":64,"crafting_on_a_stick:crafting_table":2,"minecraft:air":260,"minecraft:stick":4},"minecraft:dropped":{"thermal:onion_seeds":1,"minecraft:wheat_seeds":1,"sushigocrafting:wasabi_seeds":1,"biomesoplenty:lavender":33,"minecraft:chicken":1,"thermal:strawberry_seeds":1,"minecraft:chainmail_helmet":2,"silentgear:sinew":2,"minecraft:item_frame":2,"minecraft:oxeye_daisy":2,"crafting_on_a_stick:crafting_table":2,"minecraft:gray_bed":1,"apotheosis:gem":1,"minecraft:azalea":3,"easy_villagers:villager":1,"potionsmaster:bezoar":1,"immersiveengineering:seed":4,"biomesoplenty:tall_lavender":1,"sushigocrafting:soy_seeds":2,"minecraft:gold_ingot":5},"minecraft:killed":{"minecraft:sheep":1,"minecraft:pillager":1,"minecraft:chicken":1,"minecraft:cow":3},"minecraft:custom":{"lootr:looted_stat":10,"minecraft:mob_kills":6,"tombstone:raider_killed":1,"minecraft:eat_cake_slice":1,"minecraft:leave_game":4,"minecraft:time_since_death":30688,"minecraft:sleep_in_bed":1,"minecraft:climb_one_cm":2400,"minecraft:damage_resisted":0,"minecraft:time_since_rest":11220,"minecraft:sprint_one_cm":63952,"minecraft:walk_one_cm":66967,"minecraft:damage_taken":459,"minecraft:drop":27,"minecraft:damage_dealt":675,"minecraft:talked_to_villager":1,"minecraft:fly_one_cm":113870,"minecraft:crouch_one_cm":935,"minecraft:play_time":32087,"minecraft:deaths":1,"minecraft:sneak_time":179,"minecraft:jump":468,"minecraft:total_world_time":32087,"minecraft:fall_one_cm":14657},"minecraft:used":{"minecraft:trident":13,"minecraft:iron_chestplate":1,"easy_villagers:villager":1,"minecraft:iron_helmet":1,"minecraft:chainmail_boots":1,"minecraft:egg":1,"minecraft:cooked_beef":3},"minecraft:mined":{"minecraft:potted_azalea_bush":1,"minecraft:potted_oxeye_daisy":1,"minecraft:tall_grass":1,"biomesoplenty:tall_lavender":1,"biomesoplenty:lavender":33,"minecraft:gray_bed":1,"minecraft:grass":33,"minecraft:oak_log":1,"minecraft:vine":1,"biomesoplenty:redwood_wood":64,"minecraft:fern":1},"minecraft:killed_by":{"minecraft:zombie":1}},"DataVersion":3465}