{"stats":{"minecraft:mined":{"naturesaura:aura_cactus":3,"minecraft:white_bed":3,"minecraft:obsidian":94,"minecraft:granite":1,"minecraft:grass_block":4,"productivebees:slimy_nest":1,"ars_nouveau:bastion_pod":1,"mysticalagriculture:inferium_ore":3,"minecraft:chiseled_stone_bricks":1,"minecraft:spawner":19,"minecraft:iron_ore":22,"minecraft:fire":7,"biomesoplenty:lavender":1,"minecraft:pumpkin":6,"minecraft:nether_brick_stairs":3,"minecraft:azure_bluet":1,"minecraft:oak_stairs":1,"minecraft:iron_bars":7,"quark:limestone":17,"minecraft:smoker":3,"ironfurnaces:iron_furnace":1,"minecraft:torch":3,"minecraft:blast_furnace":1,"minecraft:poppy":49,"minecraft:melon":14,"minecraft:cobblestone":21,"minecraft:sugar_cane":5,"minecraft:iron_door":1,"minecraft:wall_torch":4,"delightful:cantaloupe":1,"minecraft:lilac":1,"minecraft:grass":32,"minecraft:oak_log":2,"minecraft:sand":4,"minecraft:dirt":3,"minecraft:smooth_basalt":1,"minecraft:oak_leaves":12,"minecraft:dark_oak_leaves":3,"quark:shale":4,"minecraft:dark_oak_log":2,"torchmaster:megatorch":1,"functionalstorage:oak_2":1,"minecraft:spruce_leaves":4,"minecraft:furnace":2,"evilcraft:box_of_eternal_closure":2,"gtceu:rubber_log":1,"evilcraft:dark_ore":2,"minecraft:bookshelf":14,"biomesoplenty:high_grass":45,"minecraft:cobblestone_slab":1,"minecraft:vine":2,"alltheores:aluminum_ore":24,"ae2:sky_stone_block":1,"biomesoplenty:spider_egg":1,"minecraft:stone":964,"sophisticatedbackpacks:backpack":1,"minecraft:smithing_table":1,"minecraft:redstone_block":5,"minecraft:crafting_table":1,"minecraft:rose_bush":1,"biomesoplenty:snowblossom_leaves":2,"biomesoplenty:high_grass_plant":77,"minecraft:tall_grass":1,"minecraft:copper_ore":30,"biomesoplenty:sprout":5,"theurgy:sal_ammoniac_ore":19,"biomesoplenty:huge_clover_petal":4,"minecraft:cactus":4,"ars_nouveau:blue_archwood_log":59,"minecraft:gray_bed":5,"minecraft:spruce_log":29,"minecraft:coal_ore":78,"minecraft:cocoa":1,"minecraft:gravel":1,"minecraft:flower_pot":1,"biomesoplenty:stringy_cobweb":2,"minecraft:terracotta":64,"minecraft:mossy_stone_bricks":1,"biomesoplenty:redwood_wood":5,"minecraft:fern":10},"minecraft:used":{"minecraft:chest":6,"minecraft:shield":2,"pneumaticcraft:compressed_stone":3,"functionalstorage:oak_2":1,"minecraft:furnace":2,"ars_nouveau:sourceberry_bush":2,"minecraft:gray_bed":4,"mekanismtools:osmium_paxel":311,"minecraft:wooden_pickaxe":2,"artifacts:eternal_steak":47,"minecraft:white_wool":1,"minecraft:golden_apple":2,"everythingcopper:copper_leggings":1,"ars_nouveau:archwood_planks":69,"waystones:waystone":1,"sophisticatedbackpacks:backpack":1,"minecraft:bread":1,"minecraft:iron_door":1,"minecraft:diamond_sword":6,"mekanismtools:osmium_chestplate":1,"minecraft:trident":1,"minecraft:iron_bars":2,"minecraft:stone_sword":94,"biomesoplenty:redwood_planks":5,"potionsmaster:bezoar":1,"vanillaplustools:stone_hammer":135,"minecraft:torch":229,"ars_nouveau:bastion_pod":3,"ars_nouveau:frostaya_pod":1,"mekanismtools:osmium_helmet":1,"evilcraft:box_of_eternal_closure":1,"productivebees:slimy_nest":1,"tombstone:gift":1,"torchmaster:megatorch":1,"minecraft:cooked_beef":3,"tombstone:scroll_of_reach":1,"mekanismtools:stone_paxel":52,"minecraft:terracotta":1,"minecraft:crafting_table":2,"supplementaries:bomb":1,"ars_nouveau:blue_archwood_log":1,"minecraft:white_bed":5,"minecraft:smoker":1,"minecraft:spruce_log":3,"tombstone:bag_of_seeds":1,"minecraft:diamond_pickaxe":111,"minecraft:iron_pickaxe":221,"tombstone:magic_scroll":1,"minecraft:cobblestone":28},"minecraft:custom":{"lootr:looted_stat":103,"minecraft:interact_with_crafting_table":8,"minecraft:eat_cake_slice":2,"minecraft:leave_game":3,"minecraft:time_since_death":176320,"minecraft:damage_resisted":0,"minecraft:sprint_one_cm":1074053,"minecraft:damage_blocked_by_shield":210,"minecraft:drop":296,"minecraft:talked_to_villager":7,"minecraft:play_time":264275,"minecraft:deaths":2,"minecraft:jump":3710,"minecraft:walk_on_water_one_cm":21245,"minecraft:interact_with_furnace":20,"minecraft:sleep_in_bed":7,"minecraft:waystone_activated":4,"minecraft:damage_dealt":12195,"minecraft:crouch_one_cm":2571,"tombstone:undead_killed":36,"minecraft:interact_with_smoker":7,"minecraft:mob_kills":65,"minecraft:damage_dealt_resisted":0,"minecraft:climb_one_cm":8595,"minecraft:walk_one_cm":459977,"minecraft:sneak_time":1266,"minecraft:walk_under_water_one_cm":10287,"minecraft:boat_one_cm":15892,"minecraft:interact_with_blast_furnace":1,"minecraft:total_world_time":264275,"minecraft:time_since_rest":271,"minecraft:damage_taken":5403,"minecraft:damage_absorbed":80,"minecraft:swim_one_cm":98946,"minecraft:fly_one_cm":889955,"minecraft:open_chest":64,"minecraft:fall_one_cm":101233},"minecraft:killed":{"minecraft:cave_spider":1,"minecraft:spider":4,"minecraft:skeleton":17,"artifacts:mimic":1,"minecraft:creeper":2,"minecraft:sheep":11,"minecraft:trader_llama":2,"minecraft:zombie":10,"minecraft:stray":2,"eidolon:zombie_brute":1,"minecraft:cow":5,"eidolon:wraith":2,"minecraft:husk":1,"creeperoverhaul:spruce_creeper":1,"minecraft:squid":2,"minecraft:wither_skeleton":3},"minecraft:dropped":{"minecraft:nether_brick_stairs":1,"forbidden_arcanus:artisan_relic":2,"minecraft:iron_sword":1,"alltheores:raw_silver":1,"minecraft:porkchop":9,"minecraft:cooked_beef":12,"minecraft:baked_potato":7,"minecraft:diamond":18,"minecraft:cooked_porkchop":8,"pneumaticcraft:programming_puzzle":6,"tombstone:tablet_of_assistance":1,"gtceu:steel_ingot":16,"minecraft:leather":1,"minecraft:honeycomb":4,"quark:limestone":21,"minecraft:raw_gold_block":3,"paraglider:spirit_orb":4,"minecraft:emerald":17,"minecraft:gold_block":1,"minecraft:dirt":3,"functionalstorage:oak_2":3,"minecraft:raw_copper_block":11,"reliquary:frozen_core":2,"gtceu:bronze_ingot":11,"gtceu:rubber_sapling":9,"pneumaticcraft:nuke_virus":2,"minecraft:iron_pickaxe":1,"minecraft:white_wool":6,"gtceu:zinc_ingot":1,"enderio:vibrant_alloy_ingot":1,"twigs:twig":6,"minecraft:gold_ingot":21,"minecraft:bone":9,"silentgear:bronze_ingot":1,"twilightforest:fiery_boots":2,"minecraft:stone_axe":1,"botania:brown_mystical_flower":1,"aether:golden_gloves":2,"enderio:dark_steel_ingot":8,"minecraft:rotten_flesh":9,"quark:shale":4,"patchouli:guide_book":1,"minecraft:eye_armor_trim_smithing_template":1,"supplementaries:ash":2,"minecraft:gunpowder":1,"minecraft:beetroot_seeds":2,"mysticalagriculture:inferium_essence":12,"minecraft:quartz_block":1,"apotheosis:gem":2,"minecraft:azalea":1,"productivebees:sturdy_bee_cage":2,"minecraft:leather_leggings":1,"minecraft:iron_bars":2,"minecraft:arrow":4,"ars_elemental:water_caster_tome":1,"minecraft:beef":6,"gtceu:sticky_resin":19,"immersiveengineering:seed":1,"minecraft:iron_ingot":105,"minecraft:enchanted_book":1,"minecraft:bread":70,"everythingcopper:copper_horse_armor":1,"minecraft:wheat_seeds":3,"mekanismtools:osmium_boots":3,"minecraft:lilac":1,"sushigocrafting:wasabi_seeds":1,"biomesoplenty:lavender":1,"minecraft:feather":2,"minecraft:cobblestone":416,"minecraft:lead":2,"eidolon:tattered_cloth":1,"minecraft:copper_ingot":16,"enderio:redstone_alloy_ingot":1,"silentgear:sinew":2,"minecraft:coal":27,"ars_nouveau:bastion_pod":1,"minecraft:stick":60,"minecraft:oxeye_daisy":1,"evilcraft:blood_extractor":3,"irons_spellbooks:affinity_ring":1,"tombstone:magic_scroll":2,"minecraft:melon_slice":72,"forbidden_arcanus:spawner_scrap":2,"evilcraft:dark_spike":4,"farmersdelight:bacon":24,"minecraft:oak_stairs":1,"minecraft:music_disc_ward":1,"alltheores:raw_aluminum":24,"potionsmaster:bezoar":1,"minecraft:raw_iron_block":7,"minecraft:chainmail_leggings":1,"minecraft:string":3,"everythingcopper:copper_leggings":1,"minecraft:spruce_sapling":4,"minecraft:redstone_block":5,"minecraft:furnace":1,"enderio:broken_spawner":4,"minecraft:raw_copper":7,"botania:blue_mushroom":1,"ars_nouveau:archwood_planks":87,"minecraft:raw_iron":16,"biomesoplenty:redwood_planks":2,"ironfurnaces:iron_furnace":1,"minecraft:smoker":1,"ars_nouveau:frostaya_pod":1,"sophisticatedbackpacks:backpack":1,"enderio:pulsating_alloy_ingot":1,"gtceu:brass_ingot":5,"minecraft:diamond_sword":2,"minecraft:shield":1,"farmersdelight:flint_knife":1,"minecraft:diamond_chestplate":1,"aether:iron_gloves":2,"thermal:hops_seeds":2,"aether:chainmail_gloves":2,"silentgear:paxel":1,"croptopia:kiwi_seed":4,"minecraft:bundle":1,"minecraft:spruce_planks":12,"ars_nouveau:music_disc_thistle_the_sound_of_glass":1,"minecraft:mossy_stone_bricks":4,"artifacts:eternal_steak":2,"easy_villagers:villager":1,"minecraft:stone_bricks":1,"minecraft:diamond_boots":1,"minecraft:bow":3,"minecraft:wooden_pickaxe":1,"minecraft:raw_gold":3,"waystones:waystone":1,"minecraft:brick":5,"minecraft:black_wool":1},"minecraft:crafted":{"minecraft:oak_planks":20,"ars_nouveau:archwood_planks":58,"minecraft:glass":0,"sophisticatedbackpacks:copper_backpack":1,"evilcraft:blood_extractor":4,"minecraft:chest":7,"minecraft:crafting_table":3,"minecraft:spruce_planks":7,"minecraft:wooden_pickaxe":1,"minecraft:raw_gold_block":3,"minecraft:copper_ingot":10,"mekanismtools:stone_paxel":1,"minecraft:shield":1,"naturescompass:naturescompass":1,"sophisticatedbackpacks:diamond_backpack":1,"minecraft:stick":50,"minecraft:iron_pickaxe":1,"minecraft:stone_sword":1,"evilcraft:dark_spike":16,"artifacts:eternal_steak":1,"minecraft:stone_shovel":1,"allthecompressed:cobblestone_3x":1,"vanillaplustools:stone_hammer":1,"minecraft:furnace":1,"allthecompressed:cobblestone_1x":136,"minecraft:raw_copper_block":3,"minecraft:stone_pickaxe":12,"crafting_on_a_stick:smithing_table":1,"minecraft:dark_oak_planks":2,"gtceu:rubber_planks":1,"sophisticatedbackpacks:iron_backpack":1,"biomesoplenty:redwood_planks":5,"sophisticatedbackpacks:gold_backpack":1,"crafting_on_a_stick:crafting_table":2,"minecraft:stone_axe":1,"minecraft:air":735,"allthecompressed:cobblestone_2x":15,"minecraft:torch":47},"minecraft:picked_up":{"minecraft:redstone_block":5,"enderio:pulsating_alloy_ingot":1,"minecraft:flower_pot":2,"irons_spellbooks:affinity_ring":1,"botania:blue_mushroom":1,"minecraft:smithing_table":1,"minecraft:lead":2,"minecraft:diamond_sword":2,"aether:iron_gloves":1,"gtceu:sticky_resin":19,"minecraft:oak_stairs":1,"minecraft:enchanted_book":1,"forbidden_arcanus:artisan_relic":2,"croptopia:calamari":4,"naturesaura:aura_cactus":3,"silentgear:sinew":2,"minecraft:string":7,"minecraft:raw_copper":152,"enderio:vibrant_alloy_ingot":1,"mysticalagriculture:inferium_essence":24,"minecraft:cobbled_deepslate":7,"minecraft:spruce_planks":24,"minecraft:azalea":1,"minecraft:iron_pickaxe":1,"biomesoplenty:redwood_wood":5,"minecraft:melon_slice":136,"evilcraft:blood_extractor":1,"wstweaks:fragment":4,"minecraft:furnace":2,"minecraft:stick":84,"apotheosis:gem":3,"potionsmaster:bezoar":2,"minecraft:torch":60,"minecraft:porkchop":6,"twilightforest:fiery_boots":3,"aether:golden_gloves":1,"eidolon:tattered_cloth":2,"easy_villagers:villager":1,"minecraft:quartz_block":1,"evilcraft:box_of_eternal_closure":3,"productivebees:sturdy_bee_cage":1,"minecraft:cactus":6,"minecraft:rotten_flesh":4,"aether:chainmail_gloves":1,"reliquary:mob_charm_fragment":1,"supplementaries:ash":2,"minecraft:obsidian":61,"minecraft:iron_bars":8,"minecraft:cobblestone":1446,"biomesoplenty:lavender":1,"silentgear:paxel":1,"minecraft:cooked_beef":4,"minecraft:feather":2,"minecraft:lilac":1,"minecraft:iron_door":1,"minecraft:smoker":3,"farmersdelight:bacon":16,"paraglider:spirit_orb":30,"gtceu:rubber_sapling":9,"delightful:cantaloupe":1,"minecraft:dirt":4,"croptopia:kiwi_seed":2,"minecraft:leather_boots":1,"bhc:red_heart":2,"sushigocrafting:wasabi_seeds":1,"minecraft:bone":30,"thermal:hops_seeds":1,"theurgy:sal_ammoniac_crystal":19,"minecraft:bow":3,"minecraft:wheat_seeds":3,"minecraft:raw_gold":3,"gtceu:bronze_ingot":11,"minecraft:mossy_stone_bricks":4,"enderio:dark_steel_ingot":8,"twigs:twig":6,"ironfurnaces:iron_furnace":1,"reliquary:frozen_core":2,"irons_spellbooks:frozen_bone":13,"minecraft:cooked_porkchop":3,"patchouli:guide_book":2,"quark:shale":4,"mekanismtools:osmium_chestplate":1,"silentgear:bronze_ingot":1,"torchmaster:megatorch":1,"enderio:redstone_alloy_ingot":1,"minecraft:sand":4,"everythingcopper:copper_horse_armor":1,"minecraft:nether_brick_stairs":3,"minecraft:ink_sac":4,"minecraft:dark_oak_log":2,"minecraft:bundle":1,"minecraft:diamond":17,"waystones:waystone":3,"alltheores:raw_aluminum":24,"minecraft:emerald":17,"minecraft:chainmail_helmet":1,"minecraft:netherrack":1,"minecraft:cocoa_beans":3,"mekanismtools:osmium_paxel":1,"minecraft:crafting_table":1,"productivebees:slimy_nest":1,"functionalstorage:oak_2":1,"minecraft:gold_block":1,"gtceu:rubber_log":1,"enderio:broken_spawner":18,"minecraft:brick":5,"minecraft:compass":1,"minecraft:beef":13,"minecraft:poppy":47,"minecraft:sugar_cane":11,"minecraft:raw_copper_block":11,"minecraft:raw_iron":22,"minecraft:raw_gold_block":3,"reliquary:rib_bone":1,"minecraft:copper_ingot":16,"supplementaries:pedestal":1,"sophisticatedbackpacks:backpack":3,"ars_nouveau:blue_archwood_log":59,"ars_nouveau:frostaya_pod":1,"gtceu:zinc_ingot":1,"mekanismtools:osmium_helmet":1,"biomesoplenty:redwood_planks":2,"minecraft:diamond_chestplate":1,"minecraft:arrow":19,"minecraft:nether_bricks":1,"minecraft:diamond_boots":1,"minecraft:gold_ingot":21,"minecraft:mutton":4,"forbidden_arcanus:spawner_scrap":9,"minecraft:white_wool":10,"pneumaticcraft:nuke_virus":2,"minecraft:oxeye_daisy":1,"pneumaticcraft:spawner_agitator":1,"artifacts:eternal_steak":2,"minecraft:leather":6,"bhc:wither_bone":2,"minecraft:oak_log":12,"minecraft:chainmail_chestplate":1,"minecraft:gunpowder":1,"quark:limestone":25,"minecraft:stone_bricks":1,"minecraft:apple":1,"minecraft:iron_ingot":6,"artifacts:steadfast_spikes":1,"minecraft:gray_bed":5,"minecraft:iron_sword":1,"minecraft:book":15,"minecraft:pumpkin":6,"minecraft:chiseled_stone_bricks":1,"pneumaticcraft:ingot_iron_compressed":1,"ars_nouveau:bastion_pod":3,"minecraft:spruce_sapling":8,"minecraft:spruce_log":29,"minecraft:blast_furnace":1,"minecraft:white_bed":5,"ars_nouveau:music_disc_thistle_the_sound_of_glass":1,"gtceu:steel_ingot":16,"minecraft:spider_eye":8,"minecraft:slime_ball":4,"mekanismtools:osmium_boots":4,"immersiveengineering:seed":1,"minecraft:stone_axe":1,"minecraft:chainmail_leggings":1,"evilcraft:dark_gem":23,"alltheores:raw_silver":1,"minecraft:terracotta":128,"tombstone:magic_scroll":2,"gtceu:brass_ingot":5,"minecraft:black_wool":1,"minecraft:coal":107,"botania:brown_mystical_flower":1},"minecraft:broken":{"vanillaplustools:stone_hammer":1,"aether:leather_gloves":1},"minecraft:killed_by":{"minecraft:husk":1,"minecraft:skeleton":1}},"DataVersion":3465}