{"stats":{"minecraft:custom":{"minecraft:interact_with_furnace":1,"lootr:looted_stat":8,"minecraft:mob_kills":12,"minecraft:interact_with_crafting_table":7,"minecraft:damage_dealt_resisted":0,"minecraft:eat_cake_slice":2,"minecraft:leave_game":2,"minecraft:time_since_death":42848,"minecraft:sleep_in_bed":2,"minecraft:climb_one_cm":621,"minecraft:damage_resisted":0,"minecraft:time_since_rest":40449,"minecraft:sprint_one_cm":178914,"minecraft:damage_taken":1477,"minecraft:walk_one_cm":100283,"minecraft:drop":64,"minecraft:damage_dealt":1932,"minecraft:open_chest":14,"minecraft:talked_to_villager":2,"minecraft:fly_one_cm":266204,"minecraft:crouch_one_cm":859,"minecraft:play_time":77593,"tombstone:undead_killed":2,"minecraft:deaths":1,"minecraft:sneak_time":221,"minecraft:jump":1267,"minecraft:interact_with_smoker":5,"minecraft:total_world_time":77593,"minecraft:fall_one_cm":28849},"minecraft:picked_up":{"biomesoplenty:lavender":1,"minecraft:crafting_table":1,"minecraft:lilac":1,"minecraft:flower_pot":1,"irons_spellbooks:affinity_ring":1,"minecraft:leather":6,"minecraft:lead":2,"gtceu:sticky_resin":19,"minecraft:smoker":3,"farmersdelight:bacon":16,"gtceu:rubber_sapling":9,"gtceu:rubber_log":1,"minecraft:oak_log":1,"minecraft:dirt":3,"bhc:red_heart":1,"theurgy:sal_ammoniac_crystal":19,"mysticalagriculture:inferium_essence":3,"minecraft:spruce_planks":24,"minecraft:beef":6,"minecraft:azalea":1,"biomesoplenty:redwood_wood":5,"minecraft:gray_bed":5,"minecraft:furnace":1,"minecraft:stick":79,"minecraft:raw_iron":11,"apotheosis:gem":1,"patchouli:guide_book":2,"minecraft:torch":6,"minecraft:porkchop":6,"minecraft:spruce_log":7,"ars_nouveau:music_disc_thistle_the_sound_of_glass":1,"productivebees:sturdy_bee_cage":1,"easy_villagers:villager":1,"biomesoplenty:redwood_planks":2,"minecraft:rotten_flesh":1,"minecraft:slime_ball":4,"immersiveengineering:seed":1,"minecraft:stone_axe":1,"alltheores:raw_aluminum":24,"minecraft:chainmail_leggings":1,"minecraft:chainmail_helmet":1,"minecraft:coal":65,"pneumaticcraft:nuke_virus":2,"minecraft:white_wool":6,"minecraft:cobblestone":687,"minecraft:oxeye_daisy":1},"minecraft:mined":{"minecraft:smoker":3,"minecraft:crafting_table":1,"minecraft:torch":1,"minecraft:grass_block":3,"biomesoplenty:high_grass_plant":3,"minecraft:cobblestone":8,"theurgy:sal_ammoniac_ore":19,"minecraft:wall_torch":4,"minecraft:furnace":1,"minecraft:iron_ore":11,"biomesoplenty:lavender":1,"minecraft:lilac":1,"minecraft:gray_bed":5,"minecraft:spruce_log":7,"gtceu:rubber_log":1,"minecraft:coal_ore":44,"minecraft:azure_bluet":1,"minecraft:grass":5,"biomesoplenty:high_grass":2,"minecraft:oak_log":1,"minecraft:flower_pot":1,"minecraft:dirt":3,"alltheores:aluminum_ore":24,"minecraft:stone":600,"biomesoplenty:redwood_wood":5,"minecraft:oak_leaves":3},"minecraft:used":{"minecraft:stone_sword":64,"biomesoplenty:redwood_planks":5,"minecraft:chest":2,"minecraft:wooden_pickaxe":2,"mekanismtools:stone_paxel":7,"artifacts:eternal_steak":14,"vanillaplustools:stone_hammer":82,"minecraft:torch":19,"minecraft:crafting_table":1,"minecraft:smoker":1,"minecraft:bread":1,"minecraft:iron_pickaxe":47,"minecraft:cobblestone":13,"minecraft:gray_bed":4},"minecraft:killed_by":{"minecraft:husk":1},"minecraft:dropped":{"minecraft:furnace":1,"minecraft:stone_axe":1,"minecraft:porkchop":9,"minecraft:cooked_beef":8,"minecraft:baked_potato":7,"minecraft:lilac":1,"minecraft:raw_iron":16,"biomesoplenty:lavender":1,"minecraft:lead":2,"minecraft:rotten_flesh":1,"biomesoplenty:redwood_planks":2,"minecraft:smoker":1,"minecraft:leather":1,"minecraft:honeycomb":4,"minecraft:coal":21,"patchouli:guide_book":1,"minecraft:eye_armor_trim_smithing_template":1,"minecraft:stick":55,"minecraft:oxeye_daisy":1,"minecraft:dirt":3,"farmersdelight:flint_knife":1,"irons_spellbooks:affinity_ring":1,"minecraft:spruce_planks":12,"ars_nouveau:music_disc_thistle_the_sound_of_glass":1,"apotheosis:gem":1,"minecraft:azalea":1,"pneumaticcraft:nuke_virus":2,"productivebees:sturdy_bee_cage":2,"gtceu:rubber_sapling":9,"farmersdelight:bacon":24,"minecraft:leather_leggings":1,"easy_villagers:villager":1,"alltheores:raw_aluminum":24,"minecraft:beef":6,"minecraft:wooden_pickaxe":1,"gtceu:sticky_resin":19,"minecraft:chainmail_leggings":1,"immersiveengineering:seed":1,"minecraft:white_wool":6},"minecraft:killed":{"minecraft:husk":1,"minecraft:sheep":7,"eidolon:wraith":1,"minecraft:trader_llama":2,"minecraft:cow":1},"minecraft:crafted":{"artifacts:eternal_steak":1,"minecraft:stone_shovel":1,"vanillaplustools:stone_hammer":1,"minecraft:crafting_table":2,"minecraft:spruce_planks":7,"biomesoplenty:redwood_planks":5,"minecraft:wooden_pickaxe":1,"crafting_on_a_stick:crafting_table":2,"minecraft:stone_axe":1,"mekanismtools:stone_paxel":1,"minecraft:air":68,"minecraft:stick":37,"minecraft:chest":3,"minecraft:stone_pickaxe":12,"minecraft:stone_sword":1,"minecraft:torch":2,"gtceu:rubber_planks":1},"minecraft:broken":{"aether:leather_gloves":1}},"DataVersion":3465}