{"stats":{"minecraft:picked_up":{"biomesoplenty:lavender":1,"minecraft:gray_bed":2,"biomesoplenty:redwood_wood":5,"minecraft:cobblestone":1},"minecraft:crafted":{"crafting_on_a_stick:crafting_table":1,"minecraft:crafting_table":1,"minecraft:stick":4,"biomesoplenty:redwood_planks":5,"minecraft:wooden_pickaxe":1,"minecraft:air":21},"minecraft:dropped":{"biomesoplenty:lavender":1},"minecraft:custom":{"minecraft:time_since_rest":12472,"minecraft:play_time":12472,"lootr:looted_stat":3,"minecraft:sprint_one_cm":14558,"minecraft:damage_taken":105,"minecraft:walk_one_cm":7616,"minecraft:drop":1,"minecraft:jump":116,"minecraft:time_since_death":12472,"minecraft:total_world_time":12472,"minecraft:fall_one_cm":3519,"minecraft:fly_one_cm":29530},"minecraft:used":{"minecraft:bread":1,"biomesoplenty:redwood_planks":5,"minecraft:wooden_pickaxe":1},"minecraft:mined":{"minecraft:grass":3,"minecraft:cobblestone":1,"biomesoplenty:lavender":1,"minecraft:gray_bed":2,"biomesoplenty:redwood_wood":5}},"DataVersion":3465}