{"stats":{"minecraft:custom":{"lootr:looted_stat":10,"minecraft:mob_kills":14,"minecraft:interact_with_crafting_table":7,"minecraft:damage_dealt_resisted":0,"minecraft:eat_cake_slice":2,"minecraft:leave_game":2,"minecraft:time_since_death":1638,"minecraft:climb_one_cm":621,"minecraft:damage_resisted":0,"minecraft:sprint_one_cm":192103,"minecraft:walk_one_cm":124496,"minecraft:drop":65,"minecraft:talked_to_villager":2,"minecraft:deaths":2,"minecraft:play_time":89593,"minecraft:sneak_time":425,"minecraft:jump":1434,"minecraft:total_world_time":89593,"minecraft:interact_with_furnace":1,"minecraft:sleep_in_bed":2,"minecraft:time_since_rest":1,"minecraft:damage_taken":2066,"minecraft:damage_dealt":2115,"minecraft:fly_one_cm":299635,"minecraft:open_chest":14,"minecraft:crouch_one_cm":1483,"tombstone:undead_killed":4,"minecraft:interact_with_smoker":5,"minecraft:fall_one_cm":32302},"minecraft:picked_up":{"minecraft:crafting_table":1,"minecraft:flower_pot":1,"irons_spellbooks:affinity_ring":1,"minecraft:lead":2,"gtceu:sticky_resin":19,"gtceu:rubber_log":1,"enderio:broken_spawner":2,"mysticalagriculture:inferium_essence":5,"minecraft:spruce_planks":24,"minecraft:beef":6,"minecraft:azalea":1,"biomesoplenty:redwood_wood":5,"minecraft:furnace":1,"minecraft:raw_iron":11,"minecraft:stick":79,"apotheosis:gem":1,"minecraft:torch":8,"sophisticatedbackpacks:backpack":3,"minecraft:porkchop":6,"easy_villagers:villager":1,"biomesoplenty:redwood_planks":2,"productivebees:sturdy_bee_cage":1,"minecraft:arrow":4,"minecraft:rotten_flesh":1,"forbidden_arcanus:spawner_scrap":1,"minecraft:white_wool":6,"pneumaticcraft:nuke_virus":2,"minecraft:cobblestone":976,"minecraft:oxeye_daisy":1,"biomesoplenty:lavender":1,"minecraft:lilac":1,"minecraft:leather":6,"minecraft:smoker":3,"farmersdelight:bacon":16,"paraglider:spirit_orb":2,"gtceu:rubber_sapling":9,"minecraft:oak_log":1,"minecraft:dirt":3,"bhc:red_heart":1,"minecraft:bone":8,"theurgy:sal_ammoniac_crystal":19,"minecraft:apple":1,"minecraft:gray_bed":5,"patchouli:guide_book":2,"minecraft:spruce_log":7,"ars_nouveau:music_disc_thistle_the_sound_of_glass":1,"minecraft:dark_oak_log":2,"minecraft:slime_ball":4,"immersiveengineering:seed":1,"minecraft:stone_axe":1,"minecraft:chainmail_leggings":1,"alltheores:raw_aluminum":24,"minecraft:chainmail_helmet":1,"minecraft:coal":99},"minecraft:mined":{"minecraft:dark_oak_leaves":3,"minecraft:dark_oak_log":2,"minecraft:grass_block":3,"minecraft:spawner":1,"minecraft:furnace":1,"minecraft:iron_ore":11,"biomesoplenty:lavender":1,"gtceu:rubber_log":1,"minecraft:azure_bluet":1,"biomesoplenty:high_grass":2,"alltheores:aluminum_ore":24,"minecraft:stone":888,"sophisticatedbackpacks:backpack":1,"minecraft:smoker":3,"minecraft:crafting_table":1,"minecraft:torch":2,"biomesoplenty:high_grass_plant":3,"minecraft:cobblestone":13,"theurgy:sal_ammoniac_ore":19,"minecraft:wall_torch":4,"minecraft:lilac":1,"minecraft:gray_bed":5,"minecraft:spruce_log":7,"minecraft:grass":5,"minecraft:oak_log":1,"minecraft:coal_ore":78,"minecraft:flower_pot":1,"minecraft:dirt":3,"biomesoplenty:stringy_cobweb":1,"biomesoplenty:redwood_wood":5,"minecraft:oak_leaves":3},"minecraft:used":{"minecraft:stone_sword":69,"biomesoplenty:redwood_planks":5,"minecraft:chest":2,"vanillaplustools:stone_hammer":124,"minecraft:torch":33,"minecraft:gray_bed":4,"minecraft:wooden_pickaxe":2,"mekanismtools:stone_paxel":13,"artifacts:eternal_steak":15,"minecraft:crafting_table":1,"minecraft:smoker":1,"sophisticatedbackpacks:backpack":1,"minecraft:bread":1,"minecraft:iron_pickaxe":48,"minecraft:cobblestone":21},"minecraft:killed_by":{"minecraft:husk":1,"minecraft:skeleton":1},"minecraft:dropped":{"minecraft:porkchop":9,"minecraft:cooked_beef":8,"minecraft:lilac":1,"minecraft:baked_potato":7,"biomesoplenty:lavender":1,"minecraft:lead":2,"minecraft:leather":1,"minecraft:honeycomb":4,"minecraft:coal":21,"minecraft:stick":55,"minecraft:oxeye_daisy":1,"minecraft:dirt":3,"irons_spellbooks:affinity_ring":1,"gtceu:rubber_sapling":9,"alltheores:raw_aluminum":24,"farmersdelight:bacon":24,"pneumaticcraft:nuke_virus":2,"minecraft:chainmail_leggings":1,"minecraft:white_wool":6,"minecraft:furnace":1,"minecraft:stone_axe":1,"minecraft:raw_iron":16,"minecraft:rotten_flesh":1,"biomesoplenty:redwood_planks":2,"minecraft:smoker":1,"sophisticatedbackpacks:backpack":1,"patchouli:guide_book":1,"minecraft:eye_armor_trim_smithing_template":1,"farmersdelight:flint_knife":1,"minecraft:spruce_planks":12,"ars_nouveau:music_disc_thistle_the_sound_of_glass":1,"apotheosis:gem":1,"minecraft:azalea":1,"productivebees:sturdy_bee_cage":2,"minecraft:leather_leggings":1,"easy_villagers:villager":1,"minecraft:wooden_pickaxe":1,"minecraft:beef":6,"gtceu:sticky_resin":19,"immersiveengineering:seed":1},"minecraft:killed":{"minecraft:skeleton":2,"eidolon:wraith":1,"minecraft:husk":1,"minecraft:sheep":7,"minecraft:trader_llama":2,"minecraft:cow":1},"minecraft:crafted":{"artifacts:eternal_steak":1,"minecraft:stone_shovel":1,"vanillaplustools:stone_hammer":1,"minecraft:stone_pickaxe":12,"minecraft:chest":3,"minecraft:dark_oak_planks":1,"gtceu:rubber_planks":1,"minecraft:crafting_table":2,"minecraft:spruce_planks":7,"biomesoplenty:redwood_planks":5,"minecraft:wooden_pickaxe":1,"crafting_on_a_stick:crafting_table":2,"minecraft:stone_axe":1,"mekanismtools:stone_paxel":1,"minecraft:air":112,"minecraft:stick":39,"minecraft:stone_sword":1,"minecraft:torch":10},"minecraft:broken":{"aether:leather_gloves":1}},"DataVersion":3465}