{"stats":{"minecraft:custom":{"lootr:looted_stat":34,"minecraft:mob_kills":25,"minecraft:interact_with_crafting_table":7,"minecraft:damage_dealt_resisted":0,"minecraft:eat_cake_slice":2,"minecraft:leave_game":2,"minecraft:time_since_death":73638,"minecraft:climb_one_cm":1729,"minecraft:damage_resisted":0,"minecraft:sprint_one_cm":408539,"minecraft:damage_blocked_by_shield":75,"minecraft:walk_one_cm":244935,"minecraft:drop":123,"minecraft:talked_to_villager":6,"minecraft:deaths":2,"minecraft:play_time":161593,"minecraft:sneak_time":961,"minecraft:walk_under_water_one_cm":3078,"minecraft:boat_one_cm":146,"minecraft:jump":2389,"minecraft:walk_on_water_one_cm":5309,"minecraft:total_world_time":161593,"minecraft:interact_with_furnace":20,"minecraft:sleep_in_bed":3,"minecraft:time_since_rest":17929,"minecraft:damage_taken":3284,"minecraft:damage_dealt":4154,"minecraft:swim_one_cm":31171,"minecraft:fly_one_cm":471574,"minecraft:open_chest":59,"minecraft:crouch_one_cm":1923,"tombstone:undead_killed":9,"minecraft:interact_with_smoker":7,"minecraft:fall_one_cm":61740},"minecraft:picked_up":{"mekanismtools:osmium_paxel":1,"minecraft:crafting_table":1,"minecraft:oak_stairs":1,"minecraft:redstone_block":1,"functionalstorage:oak_2":1,"minecraft:flower_pot":2,"irons_spellbooks:affinity_ring":1,"botania:blue_mushroom":1,"minecraft:enchanted_book":1,"minecraft:lead":2,"gtceu:sticky_resin":19,"forbidden_arcanus:artisan_relic":2,"croptopia:calamari":4,"gtceu:rubber_log":1,"enderio:broken_spawner":4,"naturesaura:aura_cactus":3,"minecraft:string":1,"minecraft:raw_copper":145,"minecraft:compass":1,"mysticalagriculture:inferium_essence":16,"minecraft:spruce_planks":24,"minecraft:beef":8,"minecraft:azalea":1,"biomesoplenty:redwood_wood":5,"minecraft:sugar_cane":11,"evilcraft:blood_extractor":1,"minecraft:furnace":2,"minecraft:raw_iron":22,"minecraft:stick":84,"apotheosis:gem":1,"minecraft:torch":57,"ars_nouveau:blue_archwood_log":59,"sophisticatedbackpacks:backpack":3,"minecraft:porkchop":6,"ars_nouveau:frostaya_pod":1,"eidolon:tattered_cloth":1,"mekanismtools:osmium_helmet":1,"easy_villagers:villager":1,"biomesoplenty:redwood_planks":2,"productivebees:sturdy_bee_cage":1,"minecraft:arrow":6,"minecraft:rotten_flesh":1,"minecraft:iron_bars":4,"forbidden_arcanus:spawner_scrap":2,"minecraft:white_wool":6,"pneumaticcraft:nuke_virus":2,"minecraft:cobblestone":1441,"minecraft:oxeye_daisy":1,"biomesoplenty:lavender":1,"minecraft:lilac":1,"artifacts:eternal_steak":2,"minecraft:leather":6,"minecraft:smoker":3,"farmersdelight:bacon":16,"paraglider:spirit_orb":2,"gtceu:rubber_sapling":9,"delightful:cantaloupe":1,"minecraft:oak_log":12,"quark:limestone":16,"minecraft:dirt":4,"bhc:red_heart":1,"minecraft:bone":13,"theurgy:sal_ammoniac_crystal":19,"minecraft:apple":1,"minecraft:bow":3,"minecraft:iron_ingot":6,"twigs:twig":6,"minecraft:gray_bed":5,"ironfurnaces:iron_furnace":1,"minecraft:book":15,"minecraft:cooked_porkchop":3,"minecraft:pumpkin":6,"quark:shale":4,"patchouli:guide_book":2,"mekanismtools:osmium_chestplate":1,"ars_nouveau:bastion_pod":3,"torchmaster:megatorch":1,"pneumaticcraft:ingot_iron_compressed":1,"minecraft:sand":4,"minecraft:ink_sac":4,"everythingcopper:copper_horse_armor":1,"minecraft:spruce_sapling":8,"minecraft:white_bed":2,"minecraft:spruce_log":29,"ars_nouveau:music_disc_thistle_the_sound_of_glass":1,"minecraft:dark_oak_log":2,"minecraft:spider_eye":1,"minecraft:slime_ball":4,"mekanismtools:osmium_boots":1,"immersiveengineering:seed":1,"minecraft:stone_axe":1,"minecraft:chainmail_leggings":1,"alltheores:raw_aluminum":24,"evilcraft:dark_gem":23,"minecraft:chainmail_helmet":1,"minecraft:terracotta":128,"botania:brown_mystical_flower":1,"minecraft:coal":107},"minecraft:mined":{"naturesaura:aura_cactus":3,"minecraft:dark_oak_leaves":3,"quark:shale":4,"minecraft:dark_oak_log":2,"torchmaster:megatorch":1,"functionalstorage:oak_2":1,"minecraft:granite":1,"minecraft:grass_block":4,"ars_nouveau:bastion_pod":1,"minecraft:spruce_leaves":4,"mysticalagriculture:inferium_ore":3,"minecraft:spawner":2,"minecraft:furnace":2,"minecraft:iron_ore":22,"minecraft:fire":4,"biomesoplenty:lavender":1,"gtceu:rubber_log":1,"minecraft:pumpkin":6,"evilcraft:dark_ore":2,"minecraft:azure_bluet":1,"minecraft:bookshelf":14,"biomesoplenty:high_grass":2,"minecraft:cobblestone_slab":1,"minecraft:oak_stairs":1,"minecraft:iron_bars":5,"quark:limestone":17,"alltheores:aluminum_ore":24,"biomesoplenty:spider_egg":1,"minecraft:stone":964,"sophisticatedbackpacks:backpack":1,"minecraft:redstone_block":1,"minecraft:smoker":3,"ironfurnaces:iron_furnace":1,"minecraft:crafting_table":1,"minecraft:torch":3,"biomesoplenty:high_grass_plant":3,"minecraft:copper_ore":30,"minecraft:cobblestone":21,"theurgy:sal_ammoniac_ore":19,"biomesoplenty:huge_clover_petal":4,"minecraft:sugar_cane":5,"minecraft:wall_torch":4,"ars_nouveau:blue_archwood_log":59,"delightful:cantaloupe":1,"minecraft:lilac":1,"minecraft:gray_bed":5,"minecraft:spruce_log":29,"minecraft:grass":5,"minecraft:oak_log":2,"minecraft:coal_ore":78,"minecraft:sand":4,"minecraft:flower_pot":1,"minecraft:dirt":3,"biomesoplenty:stringy_cobweb":2,"minecraft:terracotta":64,"biomesoplenty:redwood_wood":5,"minecraft:oak_leaves":12},"minecraft:used":{"minecraft:stone_sword":94,"biomesoplenty:redwood_planks":5,"minecraft:chest":6,"minecraft:shield":1,"vanillaplustools:stone_hammer":135,"minecraft:torch":159,"pneumaticcraft:compressed_stone":3,"ars_nouveau:bastion_pod":3,"functionalstorage:oak_2":1,"ars_nouveau:frostaya_pod":1,"mekanismtools:osmium_helmet":1,"minecraft:furnace":2,"ars_nouveau:sourceberry_bush":2,"minecraft:gray_bed":4,"torchmaster:megatorch":1,"mekanismtools:osmium_paxel":96,"tombstone:scroll_of_reach":1,"minecraft:wooden_pickaxe":2,"mekanismtools:stone_paxel":52,"artifacts:eternal_steak":26,"minecraft:terracotta":1,"everythingcopper:copper_leggings":1,"minecraft:crafting_table":1,"ars_nouveau:blue_archwood_log":1,"ars_nouveau:archwood_planks":15,"minecraft:white_bed":2,"minecraft:spruce_log":3,"minecraft:smoker":1,"sophisticatedbackpacks:backpack":1,"minecraft:bread":1,"minecraft:iron_pickaxe":197,"minecraft:cobblestone":28,"mekanismtools:osmium_chestplate":1},"minecraft:killed_by":{"minecraft:husk":1,"minecraft:skeleton":1},"minecraft:dropped":{"minecraft:bread":60,"forbidden_arcanus:artisan_relic":2,"minecraft:enchanted_book":1,"everythingcopper:copper_horse_armor":1,"minecraft:porkchop":9,"minecraft:cooked_beef":11,"minecraft:lilac":1,"minecraft:baked_potato":7,"minecraft:cooked_porkchop":8,"biomesoplenty:lavender":1,"minecraft:cobblestone":411,"minecraft:lead":2,"tombstone:tablet_of_assistance":1,"minecraft:leather":1,"minecraft:honeycomb":4,"quark:limestone":12,"minecraft:coal":27,"minecraft:stick":60,"minecraft:oxeye_daisy":1,"minecraft:dirt":3,"evilcraft:blood_extractor":3,"irons_spellbooks:affinity_ring":1,"functionalstorage:oak_2":3,"tombstone:magic_scroll":1,"minecraft:oak_stairs":1,"gtceu:rubber_sapling":9,"minecraft:music_disc_ward":1,"alltheores:raw_aluminum":24,"farmersdelight:bacon":24,"pneumaticcraft:nuke_virus":2,"minecraft:chainmail_leggings":1,"minecraft:string":3,"minecraft:white_wool":6,"twigs:twig":6,"minecraft:spruce_sapling":3,"minecraft:furnace":1,"minecraft:stone_axe":1,"minecraft:raw_iron":16,"minecraft:rotten_flesh":1,"biomesoplenty:redwood_planks":2,"ironfurnaces:iron_furnace":1,"minecraft:smoker":1,"ars_nouveau:frostaya_pod":1,"sophisticatedbackpacks:backpack":1,"quark:shale":4,"patchouli:guide_book":1,"minecraft:eye_armor_trim_smithing_template":1,"minecraft:shield":1,"farmersdelight:flint_knife":1,"minecraft:spruce_planks":12,"ars_nouveau:music_disc_thistle_the_sound_of_glass":1,"mysticalagriculture:inferium_essence":8,"minecraft:beetroot_seeds":2,"apotheosis:gem":1,"minecraft:azalea":1,"artifacts:eternal_steak":2,"productivebees:sturdy_bee_cage":2,"minecraft:leather_leggings":1,"easy_villagers:villager":1,"minecraft:bow":2,"minecraft:wooden_pickaxe":1,"minecraft:beef":6,"gtceu:sticky_resin":19,"immersiveengineering:seed":1},"minecraft:killed":{"minecraft:cave_spider":1,"minecraft:spider":1,"minecraft:skeleton":4,"eidolon:wraith":1,"minecraft:husk":1,"minecraft:creeper":1,"minecraft:squid":2,"minecraft:sheep":7,"minecraft:trader_llama":2,"minecraft:zombie":3,"minecraft:cow":2},"minecraft:crafted":{"evilcraft:dark_spike":16,"artifacts:eternal_steak":1,"minecraft:oak_planks":20,"minecraft:stone_shovel":1,"allthecompressed:cobblestone_3x":1,"vanillaplustools:stone_hammer":1,"ars_nouveau:archwood_planks":58,"minecraft:furnace":1,"allthecompressed:cobblestone_1x":136,"minecraft:glass":0,"sophisticatedbackpacks:copper_backpack":1,"evilcraft:blood_extractor":4,"minecraft:stone_pickaxe":12,"minecraft:chest":7,"minecraft:dark_oak_planks":2,"gtceu:rubber_planks":1,"sophisticatedbackpacks:iron_backpack":1,"minecraft:crafting_table":2,"minecraft:spruce_planks":7,"biomesoplenty:redwood_planks":5,"minecraft:wooden_pickaxe":1,"minecraft:copper_ingot":10,"crafting_on_a_stick:crafting_table":2,"minecraft:stone_axe":1,"mekanismtools:stone_paxel":1,"minecraft:air":676,"minecraft:shield":1,"naturescompass:naturescompass":1,"minecraft:stick":47,"minecraft:stone_sword":1,"allthecompressed:cobblestone_2x":15,"minecraft:torch":37},"minecraft:broken":{"vanillaplustools:stone_hammer":1,"aether:leather_gloves":1}},"DataVersion":3465}