{"stats":{"minecraft:dropped":{"minecraft:iron_sword":1,"minecraft:cooked_beef":12,"minecraft:porkchop":10,"alltheores:raw_platinum":30,"botania:orange_mushroom":1,"minecraft:diamond":84,"minecraft:glass_bottle":2,"minecraft:cooked_porkchop":8,"gtceu:steel_ingot":16,"tombstone:tablet_of_assistance":1,"minecraft:cracked_stone_bricks":10,"minecraft:mossy_stone_brick_stairs":1,"quark:limestone":21,"evilcraft:dark_power_gem":6,"alltheores:tin_ingot":4,"minecraft:gold_block":1,"minecraft:emerald":17,"minecraft:dirt":3,"constructionwand:iron_wand":1,"minecraft:raw_copper_block":11,"ironjetpacks:jetpack":2,"gtceu:bronze_ingot":11,"gtceu:rubber_sapling":9,"minecraft:gold_nugget":1,"pneumaticcraft:nuke_virus":2,"forbidden_arcanus:darkstone":36,"minecraft:iron_pickaxe":2,"vanillaplustools:iron_hammer":3,"enderchests:ender_chest":3,"minecraft:white_wool":6,"enderio:vibrant_alloy_ingot":1,"minecraft:bone":9,"silentgear:bronze_ingot":1,"minecraft:stone_axe":1,"croptopia:toast":1,"minecraft:cobbled_deepslate":4,"aether:golden_gloves":2,"minecraft:obsidian":94,"minecraft:rotten_flesh":27,"enderio:dark_steel_ingot":8,"mekanism:cardboard_box":9,"thermal:eggplant_seeds":1,"minecraft:eye_armor_trim_smithing_template":1,"supplementaries:flax_seeds":6,"artifacts:umbrella":1,"minecraft:quartz_block":1,"mysticalagriculture:inferium_essence":12,"apotheosis:gem":4,"minecraft:leather_leggings":2,"minecraft:beef":6,"powah:wrench":1,"botania:lime_mushroom":1,"farmersdelight:tomato_seeds":14,"minecraft:enchanted_book":1,"minecraft:iron_ingot":105,"apotheosis:potion_charm":3,"minecraft:wheat_seeds":3,"minecraft:polished_blackstone":1,"sushigocrafting:wasabi_seeds":1,"biomesoplenty:lavender":1,"minecraft:feather":2,"minecraft:cobblestone":739,"minecraft:book":280,"eidolon:tattered_cloth":1,"utilitix:ancient_compass":1,"croptopia:artichoke_seed":2,"silentgear:sinew":2,"enderio:redstone_alloy_ingot":1,"minecraft:chainmail_helmet":1,"minecraft:coal":27,"ars_nouveau:bastion_pod":1,"minecraft:oxeye_daisy":1,"minecraft:cobweb":2,"minecraft:golden_carrot":2,"artifacts:plastic_drinking_hat":2,"minecraft:potion":1,"minecraft:oak_stairs":1,"croptopia:cauliflower_seed":1,"alltheores:raw_aluminum":24,"quark:jasper":7,"minecraft:chainmail_leggings":1,"minecraft:string":6,"everythingcopper:copper_leggings":1,"reliquary:rib_bone":1,"minecraft:spruce_sapling":4,"silentgear:pickaxe":1,"twigs:rhyolite":4,"minecraft:furnace":1,"minecraft:deepslate":370,"biomesoplenty:redwood_planks":2,"pneumaticcraft:compressed_iron_chestplate":1,"ironfurnaces:iron_furnace":1,"sophisticatedbackpacks:backpack":1,"enderio:pulsating_alloy_ingot":1,"gtceu:brass_ingot":5,"forbidden_arcanus:bat_wing":1,"minecraft:pumpkin_seeds":3,"minecraft:diamond_sword":2,"minecraft:stone":175,"botania:lexicon":2,"silentgear:paxel":1,"minecraft:spruce_planks":12,"minecraft:bundle":2,"ars_nouveau:music_disc_thistle_the_sound_of_glass":1,"artifacts:eternal_steak":4,"easy_villagers:villager":1,"minecraft:spider_eye":2,"minecraft:stone_bricks":1,"mekanism:advanced_energy_cube":1,"minecraft:bow":3,"waystones:waystone":1,"minecraft:black_wool":1,"minecraft:nether_brick_stairs":1,"forbidden_arcanus:artisan_relic":2,"alltheores:raw_silver":1,"ars_elemental:yellow_archwood_sapling":1,"minecraft:baked_potato":7,"pneumaticcraft:programming_puzzle":6,"minecraft:leather":1,"minecraft:honeycomb":4,"minecraft:raw_gold_block":3,"paraglider:spirit_orb":4,"evilcraft:vengeance_ring":1,"functionalstorage:oak_2":3,"reliquary:frozen_core":2,"minecraft:snowball":2,"gtceu:marble":3,"gtceu:zinc_ingot":1,"twigs:twig":10,"minecraft:gold_ingot":21,"twilightforest:fiery_boots":3,"botania:brown_mystical_flower":1,"quark:shale":10,"minecraft:carrot":2,"sophisticatedbackpacks:diamond_backpack":1,"patchouli:guide_book":1,"ars_nouveau:sourceberry_bush":2,"supplementaries:ash":8,"minecraft:gunpowder":1,"minecraft:beetroot_seeds":4,"minecraft:azalea":1,"productivebees:sturdy_bee_cage":2,"minecraft:iron_bars":3,"minecraft:arrow":4,"ars_elemental:water_caster_tome":1,"gtceu:sticky_resin":19,"croptopia:tea_seed":3,"immersiveengineering:seed":1,"mysticalagriculture:water_agglomeratio":1,"minecraft:bread":70,"everythingcopper:copper_horse_armor":1,"croptopia:turnip_seed":2,"botania:gray_mushroom":1,"minecraft:lilac":1,"mekanismtools:osmium_boots":3,"biomesoplenty:redwood_wood":48,"minecraft:poisonous_potato":1,"minecraft:lead":2,"evilcraft:dark_gem":13,"minecraft:copper_ingot":16,"evilcraft:vengeance_pickaxe":9,"thermal:barley_seeds":2,"minecraft:stick":60,"evilcraft:blood_extractor":11,"mekanism:dust_refined_obsidian":1,"irons_spellbooks:affinity_ring":1,"tombstone:magic_scroll":2,"minecraft:melon_slice":74,"forbidden_arcanus:spawner_scrap":2,"botania:green_mushroom":1,"minecraft:iron_leggings":1,"evilcraft:dark_spike":4,"farmersdelight:bacon":24,"gtceu:red_granite":16,"minecraft:music_disc_ward":1,"mysticalagriculture:prosperity_shard":24,"minecraft:raw_iron_block":7,"potionsmaster:bezoar":1,"ars_nouveau:wilden_wing":3,"minecraft:redstone_block":5,"minecraft:redstone":3,"enderio:broken_spawner":4,"twigs:petrified_lichen":1,"minecraft:blaze_rod":7,"minecraft:raw_copper":71,"botania:blue_mushroom":1,"ars_nouveau:archwood_planks":147,"minecraft:tuff":192,"minecraft:raw_iron":16,"theurgy:sal_ammoniac_crystal":6,"botanypots:terracotta_hopper_botany_pot":12,"minecraft:smoker":1,"ars_nouveau:frostaya_pod":1,"minecraft:shield":1,"farmersdelight:flint_knife":1,"minecraft:diamond_chestplate":1,"aether:iron_gloves":2,"thermal:hops_seeds":2,"aether:chainmail_gloves":2,"croptopia:kiwi_seed":4,"apotheosis:rare_material":2,"minecraft:mossy_stone_bricks":7,"minecraft:infested_stone":19,"minecraft:diamond_boots":1,"alltheores:platinum_ore_hammer":1,"minecraft:wooden_pickaxe":1,"minecraft:raw_gold":3,"minecraft:brick":5},"minecraft:mined":{"naturesaura:aura_cactus":3,"minecraft:white_bed":3,"sophisticatedstorage:gold_chest":1,"create:andesite_casing":64,"minecraft:obsidian":188,"alltheores:deepslate_aluminum_ore":2,"minecraft:granite":2,"railcraft:sulfur_ore":1,"productivebees:slimy_nest":1,"minecraft:hopper":2,"create:rotation_speed_controller":1,"minecraft:chiseled_stone_bricks":1,"mysticalagriculture:inferium_ore":10,"quarryplus:frame":6,"minecraft:spawner":28,"theurgy:deepslate_sal_ammoniac_ore":5,"minecraft:tall_seagrass":3,"minecraft:polished_blackstone_bricks":2,"botania:purple_mystical_flower":1,"minecraft:fire":15,"biomesoplenty:lavender":1,"minecraft:pumpkin":6,"minecraft:deepslate_lapis_ore":33,"minecraft:nether_brick_stairs":3,"biomesoplenty:webbing":11,"quark:limestone":49,"minecraft:oak_stairs":1,"alltheores:nickel_ore":2,"create:veridium":5,"create:mechanical_press":2,"create:cogwheel":2,"quarryplus:flex_marker":5,"minecraft:smoker":3,"ironfurnaces:iron_furnace":1,"evilcraft:dark_blood_brick":1,"alltheores:raw_osmium_block":4,"minecraft:torch":13,"sophisticatedstorage:diamond_chest":2,"minecraft:blast_furnace":2,"minecraft:melon":14,"create:scoria":125,"powah:dry_ice":2,"minecraft:sugar_cane":11,"powah:deepslate_uraninite_ore_poor":1,"mekanism:cardboard_box":6,"forbidden_arcanus:darkstone":265,"alltheores:deepslate_osmium_ore":165,"minecraft:lilac":1,"alltheores:tin_ore":2,"minecraft:grass":61,"create:hand_crank":1,"alltheores:raw_platinum_block":3,"minecraft:smooth_basalt":4,"twigs:rhyolite":117,"mysticalagriculture:deepslate_inferium_ore":4,"minecraft:deepslate":2911,"evilcraft:hardened_blood":8,"powah:deepslate_uraninite_ore":5,"quark:shale":36,"sophisticatedstorage:iron_chest":7,"minecraft:dark_oak_log":2,"create_new_age:thorium_ore":20,"alltheores:deepslate_silver_ore":7,"blue_skies:frostbright_bookshelf":2,"create:shaft":3,"minecraft:redstone_ore":3,"forbidden_arcanus:deepslate_arcane_crystal_ore":3,"minecraft:snow":1,"evilcraft:box_of_eternal_closure":5,"minecraft:andesite":596,"alltheores:lead_ore":4,"minecraft:mossy_stone_brick_stairs":1,"biomesoplenty:high_grass":45,"quarryplus:solid_fuel_quarry":12,"minecraft:cobblestone_slab":1,"minecraft:vine":7,"alltheores:silver_ore":4,"integrateddynamics:drying_basin":2,"alltheores:aluminum_ore":24,"ae2:sky_stone_block":1,"biomesoplenty:brimstone_cluster":1,"minecraft:smithing_table":1,"minecraft:redstone_block":5,"minecraft:lily_of_the_valley":1,"alltheores:raw_nickel_block":1,"minecraft:brown_stained_glass_pane":2,"botania:pink_mushroom":1,"biomesoplenty:high_grass_plant":77,"minecraft:copper_ore":31,"minecraft:tall_grass":4,"minecraft:deepslate_gold_ore":160,"gtceu:red_granite":16,"ars_elemental:yellow_archwood_log":64,"minecraft:diorite":36,"minecraft:spruce_log":74,"create:mechanical_drill":5,"mekanism:deepslate_fluorite_ore":4,"minecraft:zombie_head":1,"minecraft:gravel":7,"minecraft:dripstone_block":58,"biomesoplenty:stringy_cobweb":3,"minecraft:polished_blackstone":1,"minecraft:stone_bricks":16,"alltheores:deepslate_zinc_ore":7,"minecraft:gold_ore":9,"minecraft:fern":10,"minecraft:farmland":1,"minecraft:grass_block":142,"ars_nouveau:bastion_pod":1,"evilcraft:blood_chest":1,"gtceu:red_garnet_indicator":1,"quark:blaze_lantern":1,"minecraft:raw_iron_block":2,"minecraft:iron_ore":121,"alltheores:deepslate_lead_ore":31,"silentgear:deepslate_bort_ore":5,"minecraft:azure_bluet":1,"botania:green_mushroom":1,"minecraft:red_tulip":1,"minecraft:pointed_dripstone":2,"minecraft:iron_bars":8,"minecraft:deepslate_redstone_ore":90,"fluxnetworks:flux_point":1,"minecraft:poppy":49,"minecraft:chest":2,"minecraft:cobblestone":22,"minecraft:oak_planks":6,"alltheores:deepslate_nickel_ore":4,"minecraft:iron_door":1,"minecraft:wall_torch":5,"minecraft:deepslate_copper_ore":22,"create:rope_pulley":2,"evilcraft:dark_ore_deepslate":27,"delightful:cantaloupe":1,"minecraft:tnt":1,"gtceu:marble":8,"enderchests:ender_chest":4,"minecraft:oak_log":6,"minecraft:dirt":153,"minecraft:sand":15,"mysticalagriculture:deepslate_prosperity_ore":23,"minecraft:netherrack":375,"minecraft:oak_leaves":15,"minecraft:tuff":865,"alltheores:zinc_ore":15,"minecraft:deepslate_diamond_ore":154,"minecraft:dark_oak_leaves":3,"minecraft:candle":2,"torchmaster:megatorch":1,"functionalstorage:oak_2":1,"create:large_cogwheel":1,"minecraft:spruce_leaves":4,"quark:jasper":41,"alltheores:deepslate_tin_ore":10,"mekanism:ultimate_universal_cable":3,"minecraft:furnace":2,"gtceu:rubber_log":1,"evilcraft:dark_ore":4,"minecraft:gold_block":5,"minecraft:bookshelf":16,"minecraft:deepslate_iron_ore":228,"alltheores:deepslate_platinum_ore":30,"minecraft:stripped_oak_log":15,"minecraft:packed_ice":1,"minecraft:white_tulip":1,"minecraft:stone":1881,"biomesoplenty:spider_egg":1,"sophisticatedbackpacks:backpack":1,"minecraft:crafting_table":1,"evilcraft:blood_infuser":1,"biomesoplenty:snowblossom_leaves":2,"minecraft:rose_bush":3,"twigs:petrified_lichen":2,"minecraft:lapis_ore":7,"biomesoplenty:sprout":24,"theurgy:sal_ammoniac_ore":23,"biomesoplenty:huge_clover_petal":4,"supplementaries:urn":11,"minecraft:cactus":4,"ars_nouveau:blue_archwood_log":59,"minecraft:polished_blackstone_slab":1,"minecraft:gray_bed":5,"evilcraft:infested_nether_netherrack":8,"minecraft:coal_ore":108,"evilcraft:undead_log":7,"minecraft:cocoa":1,"minecraft:flower_pot":1,"minecraft:cracked_stone_bricks":2,"minecraft:terracotta":64,"minecraft:mossy_stone_bricks":9,"biomesoplenty:redwood_wood":5},"minecraft:crafted":{"minecraft:black_dye":2,"botanypots:terracotta_hopper_botany_pot":12,"minecraft:lever":1,"minecraft:bookshelf":16,"alltheores:brass_ingot":68,"create:vertical_gearbox":1,"evilcraft:vengeance_ring":3,"minecraft:glass":2,"create:rotation_speed_controller":1,"vanillaplustools:iron_hammer":2,"sophisticatedbackpacks:copper_backpack":1,"evilcraft:blood_extractor":8,"create:mechanical_press":2,"evilcraft:spirit_furnace":1,"croptopia:salt":1,"create:cogwheel":35,"evilcraft:undead_planks":7,"create:rose_quartz":8,"createaddition:diamond_grit_sandpaper":5,"minecraft:raw_gold_block":3,"ironfurnaces:augment_blasting":1,"minecraft:copper_ingot":50,"create:clutch":1,"ironfurnaces:augment_speed":1,"create:gearbox":2,"naturescompass:naturescompass":1,"minecraft:compass":1,"minecraft:iron_pickaxe":19,"minecraft:iron_block":8,"minecraft:gold_ingot":6,"create:large_cogwheel":18,"minecraft:stone_shovel":1,"allthecompressed:cobblestone_3x":1,"vanillaplustools:stone_hammer":1,"minecraft:iron_nugget":70,"mysticalagriculture:inferium_farmland":1,"create:white_sail":40,"mysticalagriculture:water_agglomeratio":5,"enderchests:ender_pouch":2,"create:smart_chute":1,"minecraft:bone_meal":26,"allthecompressed:cobblestone_1x":136,"evilcraft:dark_block":16,"minecraft:stone_pickaxe":12,"crafting_on_a_stick:smithing_table":1,"create:electron_tube":4,"minecraft:dark_oak_planks":2,"gtceu:rubber_planks":7,"create:belt_connector":23,"create:windmill_bearing":1,"minecraft:coal_block":16,"minecraft:enchanting_table":1,"biomesoplenty:redwood_planks":69,"minecraft:dried_kelp":376,"croptopia:water_bottle":16,"ironfurnaces:upgrade_iron":1,"sophisticatedbackpacks:gold_backpack":1,"evilcraft:promise_tier_2":1,"quarryplus:solid_fuel_quarry":1,"ironfurnaces:upgrade_gold":1,"create:speedometer":1,"minecraft:andesite_slab":6,"evilcraft:blood_infuser":1,"minecraft:white_bed":1,"create:shaft":77,"minecraft:oak_planks":201,"ars_nouveau:archwood_planks":122,"sophisticatedstorage:gold_chest":1,"alltheores:copper_dust":20,"create:mechanical_harvester":3,"quark:cherry_chest":1,"create:mechanical_bearing":1,"create:deployer":3,"minecraft:hopper":14,"create:rope_pulley":1,"evilcraft:promise_tier_1":1,"evilcraft:dark_brick":20,"minecraft:dead_bush":1,"minecraft:chest":32,"minecraft:stone_bricks":24,"create:brass_hand":3,"sophisticatedstorage:diamond_chest":1,"minecraft:oak_slab":6,"create:depot":3,"minecraft:crafting_table":6,"alltheores:diamond_dust":5,"minecraft:spruce_planks":52,"minecraft:wooden_pickaxe":1,"minecraft:kelp":376,"create:piston_extension_pole":8,"create:sand_paper":1,"gtceu:charcoal_block":25,"evilcraft:bowl_of_promises_empty":1,"minecraft:gold_block":4,"create:gearshift":1,"mekanismtools:stone_paxel":1,"create:stressometer":1,"minecraft:string":74,"minecraft:paper":4,"minecraft:diamond_pickaxe":1,"minecraft:charcoal":114,"create:water_wheel":4,"minecraft:shield":1,"create:super_glue":2,"create:portable_storage_interface":4,"sophisticatedbackpacks:diamond_backpack":1,"minecraft:stick":108,"minecraft:iron_ingot":30,"minecraft:stone_sword":1,"enderchests:ender_chest":2,"minecraft:redstone_torch":26,"evilcraft:vein_sword":1,"quarryplus:workbench":1,"evilcraft:vengeance_pickaxe":3,"evilcraft:dark_spike":17,"create:chute":8,"artifacts:eternal_steak":1,"minecraft:redstone":1,"evilcraft:bowl_of_promises_dusted":2,"evilcraft:blood_chest":1,"sophisticatedstorage:iron_chest":7,"minecraft:furnace":1,"alltheores:gold_dust":3,"minecraft:raw_copper_block":3,"minecraft:diamond_block":1,"minecraft:flint_and_steel":1,"evilcraft:vengeance_focus":1,"evilcraft:dark_stick":13,"trashcans:item_trash_can":1,"minecraft:netherite_scrap":1,"sophisticatedbackpacks:iron_backpack":1,"minecraft:cooked_beef":3,"minecraft:sugar":1,"create:andesite_alloy":318,"create:hand_crank":3,"evilcraft:blood_infusion_core":3,"integrateddynamics:drying_basin":1,"create:large_water_wheel":6,"minecraft:bucket":1,"crafting_on_a_stick:crafting_table":2,"minecraft:stone_axe":1,"minecraft:air":3940,"sophisticatedstorage:chest":7,"minecraft:oak_boat":2,"quark:spruce_bookshelf":19,"minecraft:white_wool":35,"create:linear_chassis":30,"allthecompressed:cobblestone_2x":15,"minecraft:anvil":1,"create:mechanical_drill":49,"minecraft:andesite":22,"minecraft:torch":75},"minecraft:broken":{"evilcraft:vein_sword":1,"vanillaplustools:stone_hammer":1,"aether:leather_gloves":1,"create:sand_paper":1},"minecraft:custom":{"minecraft:interact_with_crafting_table":177,"minecraft:eat_cake_slice":2,"minecraft:leave_game":11,"minecraft:time_since_death":516225,"minecraft:damage_blocked_by_shield":210,"minecraft:play_time":999127,"minecraft:deaths":5,"minecraft:jump":7289,"minecraft:enchant_item":7,"minecraft:interact_with_furnace":87,"minecraft:sleep_in_bed":43,"minecraft:waystone_activated":9,"minecraft:damage_dealt":47321,"tombstone:undead_killed":112,"minecraft:interact_with_smoker":7,"minecraft:interact_with_smithing_table":2,"minecraft:interact_with_anvil":2,"minecraft:inspect_hopper":1,"minecraft:sneak_time":12067,"minecraft:interact_with_blast_furnace":3,"minecraft:total_world_time":999127,"tombstone:raider_killed":4,"minecraft:time_since_rest":100864,"minecraft:swim_one_cm":147338,"minecraft:fly_one_cm":4866628,"minecraft:open_chest":1017,"minecraft:fall_one_cm":356718,"lootr:looted_stat":149,"minecraft:damage_resisted":148,"minecraft:sprint_one_cm":3783285,"minecraft:drop":827,"minecraft:talked_to_villager":26,"minecraft:walk_on_water_one_cm":79899,"minecraft:crouch_one_cm":23915,"tombstone:villager_killed":8,"minecraft:mob_kills":243,"minecraft:damage_dealt_resisted":0,"minecraft:climb_one_cm":9995,"minecraft:walk_one_cm":1625033,"minecraft:walk_under_water_one_cm":46758,"minecraft:boat_one_cm":15912,"minecraft:damage_taken":21106,"minecraft:damage_absorbed":80},"minecraft:killed":{"minecraft:cave_spider":11,"minecraft:skeleton":31,"minecraft:pillager":2,"minecraft:zombie":47,"minecraft:cow":6,"eidolon:wraith":11,"minecraft:husk":2,"minecraft:wandering_trader":8,"evilcraft:netherfish":1,"minecraft:zombified_piglin":3,"minecraft:witch":2,"minecraft:spider":10,"naturalist:snail":2,"minecraft:silverfish":1,"eidolon:slimy_slug":1,"irons_spellbooks:summoned_skeleton":2,"artifacts:mimic":2,"minecraft:wolf":1,"minecraft:pig":1,"minecraft:zombie_villager":1,"irons_spellbooks:necromancer":4,"minecraft:creeper":3,"minecraft:sheep":11,"minecraft:trader_llama":21,"minecraft:stray":4,"eidolon:zombie_brute":1,"minecraft:blaze":33,"irons_spellbooks:summoned_zombie":2,"minecraft:slime":12,"minecraft:drowned":1,"creeperoverhaul:spruce_creeper":1,"minecraft:squid":2,"minecraft:wither_skeleton":3},"minecraft:killed_by":{"minecraft:husk":1,"eidolon:zombie_brute":2,"minecraft:skeleton":2},"minecraft:used":{"create:deployer":5,"evilcraft:blood_chest":2,"trashcans:item_trash_can":1,"quark:shale":4,"minecraft:chest":11,"minecraft:stone":2,"pneumaticcraft:compressed_stone":3,"create:depot":3,"create:rope_pulley":6,"ironfurnaces:iron_furnace":1,"create:rotation_speed_controller":3,"create:shaft":9,"minecraft:furnace":4,"enderchests:ender_chest":4,"mekanismtools:osmium_paxel":866,"minecraft:mossy_stone_bricks":1,"minecraft:wooden_pickaxe":2,"artifacts:eternal_steak":231,"minecraft:golden_apple":2,"utilitix:mob_yoinker":4,"evilcraft:undead_sapling":3,"minecraft:blast_furnace":2,"minecraft:zombie_head":1,"forbidden_arcanus:darkstone":10,"quark:jasper":3,"minecraft:diamond_sword":6,"gtceu:marble":5,"reliquary:witch_hat":1,"minecraft:oak_boat":2,"mekanismtools:osmium_chestplate":1,"ironfurnaces:gold_furnace":1,"minecraft:iron_bars":2,"minecraft:stone_sword":94,"minecraft:enchanting_table":1,"mekanism:cardboard_box":11,"potionsmaster:bezoar":1,"vanillaplustools:stone_hammer":135,"quark:spruce_bookshelf":17,"minecraft:torch":395,"minecraft:anvil":1,"create:wrench":132,"create:gearbox":2,"mekanismtools:osmium_helmet":2,"sophisticatedstorage:diamond_chest":3,"torchmaster:megatorch":1,"tombstone:gift":5,"minecraft:cobbled_deepslate":6,"minecraft:water_bucket":13,"tombstone:scroll_of_reach":1,"mekanismtools:stone_paxel":52,"integrateddynamics:drying_basin":2,"minecraft:polished_blackstone_bricks":2,"minecraft:crafting_table":5,"supplementaries:bomb":1,"ars_nouveau:blue_archwood_log":1,"evilcraft:vein_sword":33,"minecraft:white_bed":8,"minecraft:spruce_log":3,"minecraft:oak_log":80,"quarryplus:workbench":1,"minecraft:diamond_pickaxe":732,"evilcraft:spirit_furnace":1,"minecraft:iron_pickaxe":221,"tombstone:magic_scroll":1,"create:water_wheel":2,"forbidden_arcanus:aureal_bottle":1,"minecraft:spruce_sapling":5,"evilcraft:dark_tank":1,"minecraft:cobblestone":31,"minecraft:potion":1,"sophisticatedstorage:iron_chest":17,"vanillaplustools:iron_hammer":952,"create:clutch":1,"minecraft:stripped_oak_log":15,"mekanismtools:refined_obsidian_paxel":363,"quarryplus:solid_fuel_quarry":11,"mekanismtools:osmium_hoe":2,"create:portable_storage_interface":3,"minecraft:shield":2,"functionalstorage:oak_2":1,"create:cogwheel":18,"minecraft:tuff":8,"evilcraft:hardened_blood":1,"ars_nouveau:sourceberry_bush":2,"create:mechanical_drill":35,"minecraft:gray_bed":4,"minecraft:skeleton_skull":1,"minecraft:oak_planks":42,"minecraft:white_wool":1,"everythingcopper:copper_leggings":1,"ars_nouveau:archwood_planks":69,"waystones:waystone":2,"minecraft:lever":2,"sophisticatedbackpacks:backpack":1,"minecraft:bread":5,"evilcraft:dark_blood_brick":34,"tombstone:grave_key":4,"minecraft:deepslate":20,"minecraft:iron_door":1,"create:andesite_casing":5,"minecraft:bone_meal":13,"quarryplus:flex_marker":11,"create:large_cogwheel":18,"minecraft:trident":1,"biomesoplenty:redwood_planks":5,"minecraft:flint_and_steel":1,"sophisticatedstorage:gold_chest":1,"minecraft:dirt":141,"minecraft:hopper":2,"ars_nouveau:bastion_pod":3,"twigs:rhyolite":7,"create:chute":2,"minecraft:bookshelf":16,"ars_nouveau:frostaya_pod":1,"evilcraft:box_of_eternal_closure":6,"waystones:warp_plate":2,"productivebees:slimy_nest":1,"minecraft:cooked_beef":4,"create:gearshift":1,"mekanism:ultimate_universal_cable":3,"evilcraft:blood_infuser":2,"minecraft:terracotta":1,"minecraft:smoker":1,"tombstone:bag_of_seeds":3,"create:mechanical_press":4,"create:large_water_wheel":6,"minecraft:bucket":18,"create:hand_crank":9},"minecraft:picked_up":{"minecraft:wooden_axe":2,"minecraft:slime_spawn_egg":2,"minecraft:iron_chestplate":2,"minecraft:flower_pot":44,"reliquary:fertile_lily_pad":2,"bigreactors:graphite_ingot":90,"irons_spellbooks:affinity_ring":1,"minecraft:smithing_table":1,"gtceu:red_granite":16,"minecraft:lead":11,"minecraft:diamond_sword":5,"mysticalagriculture:water_seeds":1,"gtceu:sticky_resin":19,"enderio:pulsating_alloy_ingot":1,"minecraft:oak_stairs":1,"minecraft:enchanted_book":20,"forbidden_arcanus:artisan_relic":4,"minecraft:infested_stone":19,"croptopia:calamari":18,"sophisticatedstorage:gold_chest":1,"minecraft:brewing_stand":1,"forbidden_arcanus:xpetrified_orb":1,"minecraft:string":97,"waystones:warp_plate":4,"thermal:barley_seeds":2,"minecraft:pufferfish":6,"paraglider:deku_leaf":1,"enderio:vibrant_alloy_ingot":1,"minecraft:diamond_leggings":1,"mysticalagriculture:inferium_essence":242,"minecraft:gold_nugget":46,"minecraft:cobbled_deepslate":27,"minecraft:spruce_planks":26,"alltheores:nickel_ingot":14,"alltheores:lead_ingot":100,"quarryplus:solid_fuel_quarry":11,"biomesoplenty:redwood_wood":1336,"minecraft:melon_slice":194,"ars_elemental:flashpine_pod":9,"wstweaks:fragment":8,"sophisticatedbackpacks:stack_upgrade_starter_tier":2,"railcraft:sulfur_dust":64,"potionsmaster:bezoar":2,"mysticalagriculture:prosperity_shard":321,"create:andesite_casing":64,"powah:book":1,"twilightforest:fiery_boots":4,"easy_villagers:villager":1,"productivebees:sturdy_bee_cage":1,"evilcraft:box_of_eternal_closure":12,"minecraft:honey_bottle":6,"minecraft:tropical_fish":9,"artifacts:villager_hat":1,"create:scoria":75,"aether:chainmail_gloves":1,"minecraft:iron_block":1,"farmersdelight:rope":19,"alltheores:platinum_ore_hammer":1,"tombstone:scroll_of_aquatic_life":2,"ars_nouveau:sourceberry_bush":2,"alltheores:silver_ingot":37,"mysticalagriculture:prudentium_essence":3,"supplementaries:ash":31,"minecraft:blaze_rod":20,"botania:blue_double_flower":2,"quark:blaze_lantern":1,"minecraft:iron_bars":10,"minecraft:snowball":2,"biomesoplenty:lavender":1,"evilcraft:vengeance_pickaxe":8,"silentgear:paxel":1,"minecraft:feather":2,"minecraft:cooked_beef":14,"farmersdelight:rice":8,"minecraft:iron_door":1,"gtceu:marble":8,"create:rope_pulley":2,"minecraft:smoker":3,"farmersdelight:bacon":16,"minecraft:flint":57,"delightful:cantaloupe":2,"ars_elemental:yellow_archwood_sapling":3,"minecraft:lantern":1,"lootr:trophy":2,"croptopia:kiwi_seed":2,"bhc:red_heart":5,"sushigocrafting:wasabi_seeds":5,"theurgy:sal_ammoniac_crystal":35,"create:mechanical_drill":5,"create:shaft":25,"enderio:dark_steel_sword":1,"minecraft:diamond_helmet":1,"minecraft:glowstone_dust":2,"enderio:dark_steel_ingot":8,"naturalist:snail_shell":1,"minecraft:honeycomb":22,"silentgear:fine_silk":1,"alltheores:osmium_block":4,"patchouli:guide_book":12,"everythingcopper:copper_horse_armor":2,"quarryplus:flex_marker":7,"enderio:redstone_alloy_ingot":1,"minecraft:ink_sac":14,"minecraft:dark_oak_log":2,"quark:jasper":81,"minecraft:bundle":3,"ae2:flawless_budding_quartz":1,"minecraft:deepslate":2072,"evilcraft:dark_blood_brick":1,"minecraft:lever":2,"botania:orange_mushroom":1,"thermal:eggplant_seeds":1,"minecraft:granite":27,"alltheores:zinc_ingot":51,"sophisticatedbackpacks:advanced_feeding_upgrade":1,"evilcraft:blood_infuser":1,"minecraft:bread":28,"mekanism:advanced_energy_cube":1,"minecraft:chainmail_helmet":1,"twigs:rhyolite":109,"alltheores:raw_platinum":30,"minecraft:diamond_pickaxe":1,"croptopia:toast":8,"mekanismtools:osmium_paxel":1,"alltheores:osmium_ingot":479,"minecraft:crafting_table":1,"pneumaticcraft:programming_puzzle":6,"productivebees:slimy_nest":1,"minecraft:clay_ball":36,"functionalstorage:oak_2":2,"minecraft:leather_leggings":1,"sushigocrafting:soy_seeds":2,"hostilenetworks:blank_data_model":4,"minecraft:flint_and_steel":1,"minecraft:netherite_scrap":1,"minecraft:compass":1,"minecraft:cracked_stone_bricks":15,"minecraft:beef":30,"minecraft:iron_nugget":66,"minecraft:poppy":141,"minecraft:chest":1,"minecraft:raw_copper_block":11,"ars_nouveau:purple_archwood_log":64,"minecraft:stone":494,"reliquary:rib_bone":2,"minecraft:raw_gold_block":3,"forbidden_arcanus:arcane_crystal_dust":13,"sophisticatedbackpacks:backpack":3,"supplementaries:pedestal":5,"pneumaticcraft:capacitor":2,"minecraft:carrot":30,"minecraft:redstone":154,"ironjetpacks:jetpack":3,"crafting_on_a_stick:crafting_table":1,"minecraft:tnt":6,"minecraft:diamond_chestplate":2,"ironfurnaces:gold_furnace":1,"minecraft:diamond_boots":2,"occultism:silver_ingot":1,"minecraft:gold_ingot":260,"alltheores:raw_osmium":4,"biomesoplenty:redwood_sapling":1,"minecraft:polished_blackstone":1,"minecraft:mutton":12,"minecraft:white_wool":24,"pneumaticcraft:nuke_virus":2,"minecraft:oxeye_daisy":1,"minecraft:stripped_oak_log":15,"minecraft:clock":1,"pneumaticcraft:spawner_agitator":8,"minecraft:fox_spawn_egg":1,"croptopia:glowing_calamari":1,"bhc:wither_bone":4,"productivebees:honey_treat":1,"ars_nouveau:wilden_wing":2,"minecraft:oak_log":41,"enderchests:ender_chest":5,"quark:limestone":55,"minecraft:paper":20,"vanillaplustools:iron_hammer":1,"minecraft:apple":4,"minecraft:stone_bricks":1,"mysticalagriculture:nature_agglomeratio":4,"ironfurnaces:augment_speed":1,"artifacts:steadfast_spikes":2,"minecraft:glass_bottle":19,"caupona:asses":4,"minecraft:gray_bed":5,"minecraft:iron_sword":3,"forbidden_arcanus:darkstone":153,"dankstorage:dank_1":1,"powah:uraninite":31,"evilcraft:dark_stick":10,"mekanismtools:refined_obsidian_paxel":1,"minecraft:gravel":6,"powah:uraninite_raw":2,"minecraft:spruce_sapling":13,"silentgear:bort":7,"botania:lime_mushroom":1,"croptopia:tea_seed":3,"minecraft:spruce_log":74,"minecraft:leather_helmet":1,"forbidden_arcanus:arcane_crystal":1,"minecraft:slime_ball":62,"mekanismtools:osmium_boots":4,"immersiveengineering:seed":34,"minecraft:stone_axe":2,"alltheores:raw_silver":1,"naturescompass:naturescompass":2,"minecraft:baked_potato":21,"minecraft:melon_seeds":21,"thermal:amaranth_seeds":2,"botania:brown_mystical_flower":1,"minecraft:hopper":2,"minecraft:ender_pearl":31,"irons_spellbooks:scroll":15,"minecraft:wheat":18,"minecraft:redstone_block":5,"botania:blue_mushroom":1,"artifacts:umbrella":2,"aether:iron_gloves":2,"minecraft:potion":4,"minecraft:nether_brick":48,"tombstone:grave_key":1,"powah:thermo_generator_basic":1,"reliquary:slime_pearl":1,"naturesaura:aura_cactus":12,"silentgear:sinew":6,"croptopia:artichoke_seed":2,"minecraft:raw_copper":677,"minecraft:iron_leggings":2,"minecraft:zombie_head":1,"minecraft:experience_bottle":4,"irons_spellbooks:arcane_essence":2,"create:mechanical_press":1,"twigs:pebble":3,"delightful:acorn":2,"minecraft:red_dye":177,"minecraft:white_tulip":1,"minecraft:ender_eye":1,"minecraft:azalea":1,"minecraft:iron_pickaxe":6,"alltheores:iron_ore_hammer":1,"evilcraft:blood_extractor":8,"minecraft:iron_boots":1,"minecraft:furnace":3,"minecraft:tipped_arrow":1,"minecraft:stick":291,"apotheosis:gem":21,"minecraft:torch":92,"minecraft:porkchop":7,"minecraft:pointed_dripstone":3,"tombstone:grave_dust":12,"minecraft:diorite":30,"aether:golden_gloves":1,"create:large_cogwheel":10,"eidolon:tattered_cloth":8,"minecraft:quartz_block":1,"mekanism:ultimate_universal_cable":3,"minecraft:cactus":12,"silentgear:leather_scrap":11,"minecraft:rotten_flesh":73,"thermal:corn_seeds":2,"create:veridium":5,"reliquary:mob_charm_fragment":4,"evilcraft:condensed_blood":76,"minecraft:obsidian":249,"minecraft:cod":81,"minecraft:cobblestone":3358,"occultism:datura_seeds":13,"croptopia:water_bottle":15,"minecraft:lilac":1,"minecraft:andesite":5,"minecraft:potato":23,"paraglider:spirit_orb":94,"gtceu:rubber_sapling":9,"minecraft:tuff":760,"evilcraft:flesh_humanoid":1,"minecraft:lapis_lazuli":33,"minecraft:dirt":443,"constructionwand:iron_wand":1,"minecraft:name_tag":4,"minecraft:leather_boots":1,"minecraft:glass":9,"minecraft:bone":84,"thermal:hops_seeds":1,"minecraft:bow":6,"ars_nouveau:source_gem":5,"minecraft:wheat_seeds":9,"minecraft:raw_gold":9,"botania:gray_mushroom":1,"gtceu:bronze_ingot":17,"minecraft:mossy_stone_bricks":12,"minecraft:bamboo":12,"alltheores:tin_ingot":35,"twigs:twig":19,"minecraft:oak_planks":39,"ironfurnaces:iron_furnace":1,"minecraft:mossy_stone_brick_stairs":1,"reliquary:frozen_core":4,"minecraft:cooked_porkchop":8,"irons_spellbooks:frozen_bone":47,"silentgear:pickaxe":1,"quark:shale":27,"create:cogwheel":2,"mekanismtools:osmium_chestplate":1,"silentgear:bronze_ingot":2,"torchmaster:megatorch":1,"evilcraft:dark_gem_crushed":61,"minecraft:sand":23,"minecraft:nether_brick_stairs":3,"ars_elemental:yellow_archwood_log":128,"minecraft:dead_bush":2,"minecraft:lily_of_the_valley":1,"artifacts:plastic_drinking_hat":1,"minecraft:diamond":41,"waystones:waystone":8,"alltheores:raw_aluminum":24,"minecraft:golden_apple":32,"minecraft:emerald":37,"alltheores:aluminum_ingot":9,"minecraft:oak_sapling":5,"minecraft:netherrack":268,"functionalstorage:oak_1":3,"minecraft:fishing_rod":2,"minecraft:cocoa_beans":6,"create_new_age:thorium":116,"twigs:petrified_lichen":5,"mekanismtools:refined_obsidian_leggings":1,"evilcraft:dark_power_gem":2,"hostilenetworks:deep_learner":1,"minecraft:turtle_helmet":3,"thermal:cooked_mushroom":1,"create:rotation_speed_controller":1,"ars_nouveau:warp_scroll":1,"minecraft:gold_block":2,"minecraft:diamond_horse_armor":2,"gtceu:rubber_log":7,"enderio:broken_spawner":27,"minecraft:shield":1,"minecraft:brick":23,"mekanismtools:refined_obsidian_chestplate":1,"ars_nouveau:archwood_planks":92,"minecraft:oak_boat":1,"evilcraft:hardened_blood_shard":24,"delightful:cantaloupe_slice":4,"minecraft:sugar_cane":61,"sophisticatedstorage:iron_chest":10,"minecraft:raw_iron":46,"minecraft:orange_dye":10,"forbidden_arcanus:bat_wing":1,"minecraft:copper_ingot":317,"croptopia:greenbean_seed":1,"ars_nouveau:blue_archwood_log":59,"botania:green_mushroom":2,"ars_nouveau:purple_archwood_sapling":1,"minecraft:polished_blackstone_bricks":2,"alltheores:raw_platinum_block":3,"ars_nouveau:frostaya_pod":1,"create:hand_crank":3,"minecraft:trident":2,"gtceu:zinc_ingot":1,"mekanismtools:osmium_helmet":1,"biomesoplenty:redwood_planks":77,"corn_delight:corn_seeds":12,"minecraft:arrow":38,"refinedstorage:16k_storage_disk":2,"powah:wrench":1,"ae2:certus_quartz_dust":16,"minecraft:nether_bricks":1,"evilcraft:blood_chest":1,"minecraft:saddle":7,"mekanism:cardboard_box":18,"forbidden_arcanus:spawner_scrap":21,"minecraft:skeleton_skull":1,"sophisticatedbackpacks:advanced_magnet_upgrade":1,"minecraft:air":0,"artifacts:eternal_steak":4,"integrateddynamics:drying_basin":2,"sushigocrafting:rice_seeds":2,"minecraft:golden_carrot":6,"minecraft:glow_ink_sac":3,"minecraft:salmon":10,"minecraft:leather":42,"minecraft:chainmail_chestplate":1,"minecraft:gunpowder":12,"irons_spellbooks:common_ink":1,"minecraft:rabbit_hide":5,"minecraft:iron_ingot":301,"thermal:tomato_seeds":2,"croptopia:turnip_seed":2,"sophisticatedbackpacks:diamond_backpack":1,"minecraft:book":649,"apotheosis:potion_charm":4,"evilcraft:undead_log":7,"croptopia:cauliflower_seed":1,"minecraft:pumpkin":20,"minecraft:chiseled_stone_bricks":1,"minecraft:quartz":48,"minecraft:dandelion":2,"sushigocrafting:cucumber_seeds":4,"minecraft:dripstone_block":33,"pneumaticcraft:ingot_iron_compressed":12,"ars_nouveau:bastion_pod":3,"minecraft:blast_furnace":3,"sophisticatedbackpacks:stack_upgrade_tier_1":1,"minecraft:white_bed":7,"ars_nouveau:music_disc_thistle_the_sound_of_glass":1,"gtceu:steel_ingot":20,"minecraft:spider_eye":37,"thermal:rice_seeds":1,"ironfurnaces:augment_blasting":1,"mekanismtools:refined_obsidian_helmet":1,"mekanismtools:osmium_leggings":2,"minecraft:chainmail_leggings":1,"evilcraft:dark_gem":140,"minecraft:iron_helmet":1,"mekanism:fluorite_gem":22,"sophisticatedstorage:diamond_chest":2,"minecraft:terracotta":708,"tombstone:magic_scroll":4,"gtceu:brass_ingot":5,"minecraft:black_wool":2,"minecraft:coal":535,"minecraft:sunflower":4,"alltheores:copper_ore_hammer":1}},"DataVersion":3465}