{"stats":{"minecraft:custom":{"lootr:looted_stat":8,"minecraft:mob_kills":9,"minecraft:interact_with_crafting_table":2,"minecraft:eat_cake_slice":2,"minecraft:leave_game":2,"minecraft:time_since_death":18848,"minecraft:sleep_in_bed":2,"minecraft:climb_one_cm":621,"minecraft:damage_resisted":0,"minecraft:time_since_rest":16449,"minecraft:sprint_one_cm":129117,"minecraft:damage_taken":1291,"minecraft:walk_one_cm":57771,"minecraft:drop":44,"minecraft:damage_dealt":1279,"minecraft:talked_to_villager":2,"minecraft:fly_one_cm":230040,"minecraft:crouch_one_cm":466,"minecraft:play_time":53593,"tombstone:undead_killed":1,"minecraft:deaths":1,"minecraft:sneak_time":76,"minecraft:jump":977,"minecraft:interact_with_smoker":4,"minecraft:total_world_time":53593,"minecraft:fall_one_cm":24012},"minecraft:picked_up":{"biomesoplenty:lavender":1,"minecraft:lilac":1,"minecraft:flower_pot":1,"irons_spellbooks:affinity_ring":1,"minecraft:leather":2,"gtceu:sticky_resin":19,"minecraft:smoker":2,"farmersdelight:bacon":16,"gtceu:rubber_sapling":9,"gtceu:rubber_log":1,"minecraft:oak_log":1,"minecraft:dirt":1,"bhc:red_heart":1,"mysticalagriculture:inferium_essence":2,"minecraft:beef":2,"minecraft:azalea":1,"biomesoplenty:redwood_wood":5,"minecraft:gray_bed":5,"minecraft:furnace":1,"minecraft:stick":48,"apotheosis:gem":1,"patchouli:guide_book":1,"minecraft:porkchop":6,"ars_nouveau:music_disc_thistle_the_sound_of_glass":1,"easy_villagers:villager":1,"biomesoplenty:redwood_planks":2,"minecraft:rotten_flesh":1,"minecraft:slime_ball":4,"immersiveengineering:seed":1,"minecraft:stone_axe":1,"minecraft:chainmail_leggings":1,"minecraft:chainmail_helmet":1,"minecraft:white_wool":6,"minecraft:cobblestone":38,"minecraft:oxeye_daisy":1},"minecraft:mined":{"minecraft:smoker":2,"minecraft:grass_block":3,"biomesoplenty:high_grass_plant":3,"minecraft:cobblestone":3,"minecraft:furnace":1,"biomesoplenty:lavender":1,"minecraft:lilac":1,"minecraft:gray_bed":5,"gtceu:rubber_log":1,"minecraft:azure_bluet":1,"minecraft:grass":5,"biomesoplenty:high_grass":2,"minecraft:oak_log":1,"minecraft:flower_pot":1,"minecraft:dirt":3,"minecraft:stone":35,"biomesoplenty:redwood_wood":5,"minecraft:oak_leaves":3},"minecraft:used":{"minecraft:stone_sword":53,"biomesoplenty:redwood_planks":5,"minecraft:wooden_pickaxe":2,"artifacts:eternal_steak":10,"minecraft:torch":1,"minecraft:crafting_table":1,"minecraft:smoker":1,"minecraft:bread":1,"minecraft:iron_pickaxe":39,"minecraft:cobblestone":4,"minecraft:gray_bed":4},"minecraft:killed_by":{"minecraft:husk":1},"minecraft:dropped":{"minecraft:stone_axe":1,"minecraft:porkchop":9,"minecraft:cooked_beef":8,"minecraft:lilac":1,"biomesoplenty:lavender":1,"minecraft:rotten_flesh":1,"biomesoplenty:redwood_planks":2,"minecraft:leather":1,"minecraft:honeycomb":4,"minecraft:eye_armor_trim_smithing_template":1,"minecraft:stick":55,"minecraft:oxeye_daisy":1,"minecraft:dirt":1,"irons_spellbooks:affinity_ring":1,"ars_nouveau:music_disc_thistle_the_sound_of_glass":1,"apotheosis:gem":1,"minecraft:azalea":1,"gtceu:rubber_sapling":9,"farmersdelight:bacon":24,"minecraft:leather_leggings":1,"easy_villagers:villager":1,"minecraft:wooden_pickaxe":1,"gtceu:sticky_resin":19,"minecraft:chainmail_leggings":1,"immersiveengineering:seed":1},"minecraft:killed":{"minecraft:husk":1,"minecraft:sheep":7,"minecraft:cow":1},"minecraft:crafted":{"artifacts:eternal_steak":1,"minecraft:crafting_table":2,"biomesoplenty:redwood_planks":5,"minecraft:wooden_pickaxe":1,"crafting_on_a_stick:crafting_table":1,"minecraft:air":25,"minecraft:stick":12,"minecraft:stone_sword":1,"gtceu:rubber_planks":1}},"DataVersion":3465}