{"stats":{"minecraft:picked_up":{"biomesoplenty:lavender":1,"apotheosis:gem":1,"minecraft:flower_pot":1,"gtceu:sticky_resin":1,"minecraft:smoker":2,"gtceu:rubber_log":1,"minecraft:oak_log":1,"easy_villagers:villager":1,"immersiveengineering:seed":1,"minecraft:azalea":1,"biomesoplenty:redwood_wood":5,"minecraft:gray_bed":3,"minecraft:oxeye_daisy":1,"minecraft:cobblestone":11,"minecraft:furnace":1},"minecraft:crafted":{"artifacts:eternal_steak":1,"minecraft:crafting_table":1,"minecraft:stick":12,"biomesoplenty:redwood_planks":5,"minecraft:wooden_pickaxe":1,"minecraft:stone_sword":1,"crafting_on_a_stick:crafting_table":1,"gtceu:rubber_planks":1,"minecraft:air":25},"minecraft:dropped":{"minecraft:oxeye_daisy":1,"minecraft:cooked_beef":8,"apotheosis:gem":1,"minecraft:azalea":1,"biomesoplenty:lavender":1,"minecraft:leather_leggings":1,"easy_villagers:villager":1,"minecraft:wooden_pickaxe":1,"gtceu:sticky_resin":1,"immersiveengineering:seed":1},"minecraft:custom":{"minecraft:time_since_rest":11220,"lootr:looted_stat":8,"minecraft:sprint_one_cm":44115,"minecraft:damage_taken":135,"minecraft:walk_one_cm":24476,"minecraft:drop":17,"minecraft:talked_to_villager":1,"minecraft:fly_one_cm":69042,"minecraft:play_time":24472,"minecraft:sneak_time":1,"minecraft:jump":277,"minecraft:eat_cake_slice":2,"minecraft:time_since_death":24472,"minecraft:sleep_in_bed":1,"minecraft:interact_with_smoker":4,"minecraft:total_world_time":24472,"minecraft:climb_one_cm":621,"minecraft:fall_one_cm":9315},"minecraft:used":{"minecraft:bread":1,"biomesoplenty:redwood_planks":5,"minecraft:iron_pickaxe":12,"minecraft:wooden_pickaxe":2,"artifacts:eternal_steak":2,"minecraft:gray_bed":2,"minecraft:smoker":1},"minecraft:mined":{"minecraft:furnace":1,"minecraft:smoker":2,"biomesoplenty:lavender":1,"minecraft:gray_bed":3,"gtceu:rubber_log":1,"minecraft:grass":3,"minecraft:oak_log":1,"biomesoplenty:high_grass":2,"minecraft:flower_pot":1,"biomesoplenty:high_grass_plant":3,"minecraft:cobblestone":1,"minecraft:stone":10,"biomesoplenty:redwood_wood":5,"minecraft:oak_leaves":3}},"DataVersion":3465}