{"stats":{"minecraft:custom":{"lootr:looted_stat":8,"minecraft:mob_kills":3,"minecraft:eat_cake_slice":2,"minecraft:leave_game":2,"minecraft:time_since_death":6848,"minecraft:sleep_in_bed":2,"minecraft:climb_one_cm":621,"minecraft:damage_resisted":0,"minecraft:time_since_rest":4449,"minecraft:sprint_one_cm":110074,"minecraft:damage_taken":1291,"minecraft:walk_one_cm":45744,"minecraft:drop":24,"minecraft:damage_dealt":798,"minecraft:talked_to_villager":1,"minecraft:fly_one_cm":204522,"minecraft:crouch_one_cm":466,"minecraft:play_time":41593,"tombstone:undead_killed":1,"minecraft:deaths":1,"minecraft:sneak_time":76,"minecraft:jump":830,"minecraft:interact_with_smoker":4,"minecraft:total_world_time":41593,"minecraft:fall_one_cm":20945},"minecraft:picked_up":{"biomesoplenty:lavender":1,"minecraft:lilac":1,"minecraft:flower_pot":1,"irons_spellbooks:affinity_ring":1,"minecraft:leather":1,"gtceu:sticky_resin":1,"minecraft:smoker":2,"gtceu:rubber_log":1,"minecraft:oak_log":1,"bhc:red_heart":1,"mysticalagriculture:inferium_essence":1,"minecraft:beef":2,"minecraft:azalea":1,"biomesoplenty:redwood_wood":5,"minecraft:gray_bed":4,"minecraft:furnace":1,"apotheosis:gem":1,"easy_villagers:villager":1,"minecraft:rotten_flesh":1,"immersiveengineering:seed":1,"minecraft:stone_axe":1,"minecraft:chainmail_leggings":1,"minecraft:chainmail_helmet":1,"minecraft:cobblestone":11,"minecraft:oxeye_daisy":1},"minecraft:mined":{"minecraft:smoker":2,"biomesoplenty:high_grass_plant":3,"minecraft:cobblestone":1,"minecraft:furnace":1,"biomesoplenty:lavender":1,"minecraft:lilac":1,"minecraft:gray_bed":4,"gtceu:rubber_log":1,"minecraft:grass":4,"biomesoplenty:high_grass":2,"minecraft:oak_log":1,"minecraft:flower_pot":1,"minecraft:stone":10,"biomesoplenty:redwood_wood":5,"minecraft:oak_leaves":3},"minecraft:used":{"minecraft:stone_sword":39,"biomesoplenty:redwood_planks":5,"minecraft:wooden_pickaxe":2,"artifacts:eternal_steak":9,"minecraft:smoker":1,"minecraft:bread":1,"minecraft:iron_pickaxe":12,"minecraft:gray_bed":3},"minecraft:killed_by":{"minecraft:husk":1},"minecraft:dropped":{"minecraft:stone_axe":1,"minecraft:cooked_beef":8,"minecraft:lilac":1,"biomesoplenty:lavender":1,"minecraft:rotten_flesh":1,"minecraft:eye_armor_trim_smithing_template":1,"minecraft:stick":7,"minecraft:oxeye_daisy":1,"irons_spellbooks:affinity_ring":1,"apotheosis:gem":1,"minecraft:azalea":1,"minecraft:leather_leggings":1,"easy_villagers:villager":1,"minecraft:wooden_pickaxe":1,"gtceu:sticky_resin":1,"minecraft:chainmail_leggings":1,"immersiveengineering:seed":1},"minecraft:killed":{"minecraft:husk":1,"minecraft:sheep":1,"minecraft:cow":1},"minecraft:crafted":{"artifacts:eternal_steak":1,"minecraft:crafting_table":1,"biomesoplenty:redwood_planks":5,"minecraft:wooden_pickaxe":1,"crafting_on_a_stick:crafting_table":1,"minecraft:air":25,"minecraft:stick":12,"minecraft:stone_sword":1,"gtceu:rubber_planks":1}},"DataVersion":3465}