{"stats":{"minecraft:mined":{"naturesaura:aura_cactus":3,"minecraft:granite":1,"minecraft:grass_block":4,"ars_nouveau:bastion_pod":1,"mysticalagriculture:inferium_ore":3,"minecraft:chiseled_stone_bricks":1,"minecraft:spawner":6,"minecraft:iron_ore":22,"minecraft:fire":4,"biomesoplenty:lavender":1,"minecraft:pumpkin":6,"minecraft:azure_bluet":1,"minecraft:oak_stairs":1,"minecraft:iron_bars":6,"quark:limestone":17,"minecraft:smoker":3,"ironfurnaces:iron_furnace":1,"minecraft:torch":3,"minecraft:blast_furnace":1,"minecraft:cobblestone":21,"minecraft:sugar_cane":5,"minecraft:iron_door":1,"minecraft:wall_torch":4,"delightful:cantaloupe":1,"minecraft:lilac":1,"minecraft:grass":5,"minecraft:oak_log":2,"minecraft:sand":4,"minecraft:dirt":3,"minecraft:oak_leaves":12,"minecraft:dark_oak_leaves":3,"quark:shale":4,"minecraft:dark_oak_log":2,"torchmaster:megatorch":1,"functionalstorage:oak_2":1,"minecraft:spruce_leaves":4,"minecraft:furnace":2,"evilcraft:box_of_eternal_closure":2,"gtceu:rubber_log":1,"evilcraft:dark_ore":2,"minecraft:bookshelf":14,"biomesoplenty:high_grass":2,"minecraft:cobblestone_slab":1,"alltheores:aluminum_ore":24,"biomesoplenty:spider_egg":1,"minecraft:stone":964,"sophisticatedbackpacks:backpack":1,"minecraft:smithing_table":1,"minecraft:redstone_block":1,"minecraft:crafting_table":1,"biomesoplenty:high_grass_plant":3,"minecraft:copper_ore":30,"theurgy:sal_ammoniac_ore":19,"biomesoplenty:huge_clover_petal":4,"ars_nouveau:blue_archwood_log":59,"minecraft:gray_bed":5,"minecraft:spruce_log":29,"minecraft:coal_ore":78,"minecraft:flower_pot":1,"biomesoplenty:stringy_cobweb":2,"minecraft:terracotta":64,"minecraft:mossy_stone_bricks":1,"biomesoplenty:redwood_wood":5},"minecraft:used":{"minecraft:chest":6,"minecraft:shield":1,"pneumaticcraft:compressed_stone":3,"functionalstorage:oak_2":1,"minecraft:furnace":2,"ars_nouveau:sourceberry_bush":2,"minecraft:gray_bed":4,"mekanismtools:osmium_paxel":122,"minecraft:wooden_pickaxe":2,"artifacts:eternal_steak":28,"minecraft:golden_apple":1,"everythingcopper:copper_leggings":1,"ars_nouveau:archwood_planks":15,"sophisticatedbackpacks:backpack":1,"minecraft:bread":1,"minecraft:iron_door":1,"minecraft:diamond_sword":6,"mekanismtools:osmium_chestplate":1,"minecraft:iron_bars":1,"minecraft:stone_sword":94,"biomesoplenty:redwood_planks":5,"vanillaplustools:stone_hammer":135,"minecraft:torch":189,"ars_nouveau:bastion_pod":3,"ars_nouveau:frostaya_pod":1,"mekanismtools:osmium_helmet":1,"evilcraft:box_of_eternal_closure":1,"tombstone:gift":1,"torchmaster:megatorch":1,"minecraft:cooked_beef":3,"tombstone:scroll_of_reach":1,"mekanismtools:stone_paxel":52,"minecraft:terracotta":1,"minecraft:crafting_table":1,"ars_nouveau:blue_archwood_log":1,"minecraft:white_bed":2,"minecraft:smoker":1,"minecraft:spruce_log":3,"minecraft:iron_pickaxe":204,"tombstone:magic_scroll":1,"minecraft:cobblestone":28},"minecraft:custom":{"lootr:looted_stat":61,"minecraft:interact_with_crafting_table":7,"minecraft:eat_cake_slice":2,"minecraft:leave_game":3,"minecraft:time_since_death":98320,"minecraft:damage_resisted":0,"minecraft:sprint_one_cm":501767,"minecraft:damage_blocked_by_shield":75,"minecraft:drop":155,"minecraft:talked_to_villager":6,"minecraft:play_time":186275,"minecraft:deaths":2,"minecraft:jump":2459,"minecraft:walk_on_water_one_cm":5309,"minecraft:interact_with_furnace":20,"minecraft:sleep_in_bed":3,"minecraft:damage_dealt":5451,"minecraft:crouch_one_cm":1923,"tombstone:undead_killed":13,"minecraft:interact_with_smoker":7,"minecraft:mob_kills":30,"minecraft:damage_dealt_resisted":0,"minecraft:climb_one_cm":2801,"minecraft:walk_one_cm":302468,"minecraft:sneak_time":1013,"minecraft:walk_under_water_one_cm":3078,"minecraft:boat_one_cm":146,"minecraft:total_world_time":186275,"minecraft:time_since_rest":42611,"minecraft:damage_taken":3890,"minecraft:damage_absorbed":40,"minecraft:swim_one_cm":31171,"minecraft:fly_one_cm":479490,"minecraft:open_chest":59,"minecraft:fall_one_cm":63308},"minecraft:killed":{"minecraft:cave_spider":1,"minecraft:spider":1,"minecraft:skeleton":6,"minecraft:creeper":2,"minecraft:sheep":7,"minecraft:trader_llama":2,"minecraft:zombie":5,"minecraft:cow":2,"eidolon:wraith":1,"minecraft:husk":1,"minecraft:squid":2},"minecraft:dropped":{"forbidden_arcanus:artisan_relic":2,"minecraft:porkchop":9,"minecraft:cooked_beef":11,"minecraft:baked_potato":7,"minecraft:cooked_porkchop":8,"pneumaticcraft:programming_puzzle":6,"tombstone:tablet_of_assistance":1,"minecraft:leather":1,"minecraft:honeycomb":4,"quark:limestone":12,"paraglider:spirit_orb":4,"minecraft:dirt":3,"functionalstorage:oak_2":3,"gtceu:rubber_sapling":9,"pneumaticcraft:nuke_virus":2,"minecraft:white_wool":6,"twigs:twig":6,"twilightforest:fiery_boots":1,"minecraft:stone_axe":1,"botania:brown_mystical_flower":1,"aether:golden_gloves":2,"minecraft:rotten_flesh":1,"quark:shale":4,"patchouli:guide_book":1,"minecraft:eye_armor_trim_smithing_template":1,"minecraft:beetroot_seeds":2,"mysticalagriculture:inferium_essence":12,"minecraft:quartz_block":1,"apotheosis:gem":2,"minecraft:azalea":1,"productivebees:sturdy_bee_cage":2,"minecraft:leather_leggings":1,"minecraft:iron_bars":2,"minecraft:arrow":4,"minecraft:beef":6,"gtceu:sticky_resin":19,"immersiveengineering:seed":1,"minecraft:enchanted_book":1,"minecraft:bread":60,"everythingcopper:copper_horse_armor":1,"minecraft:lilac":1,"biomesoplenty:lavender":1,"minecraft:cobblestone":411,"minecraft:lead":2,"minecraft:coal":27,"ars_nouveau:bastion_pod":1,"minecraft:stick":60,"minecraft:oxeye_daisy":1,"evilcraft:blood_extractor":3,"irons_spellbooks:affinity_ring":1,"tombstone:magic_scroll":1,"forbidden_arcanus:spawner_scrap":1,"evilcraft:dark_spike":4,"farmersdelight:bacon":24,"minecraft:oak_stairs":1,"minecraft:music_disc_ward":1,"alltheores:raw_aluminum":24,"minecraft:chainmail_leggings":1,"minecraft:string":3,"everythingcopper:copper_leggings":1,"minecraft:spruce_sapling":4,"minecraft:furnace":1,"botania:blue_mushroom":1,"ars_nouveau:archwood_planks":38,"minecraft:raw_iron":16,"biomesoplenty:redwood_planks":2,"ironfurnaces:iron_furnace":1,"minecraft:smoker":1,"ars_nouveau:frostaya_pod":1,"sophisticatedbackpacks:backpack":1,"minecraft:diamond_sword":2,"minecraft:shield":1,"farmersdelight:flint_knife":1,"aether:chainmail_gloves":2,"minecraft:spruce_planks":12,"ars_nouveau:music_disc_thistle_the_sound_of_glass":1,"minecraft:mossy_stone_bricks":4,"artifacts:eternal_steak":2,"easy_villagers:villager":1,"minecraft:bow":3,"minecraft:wooden_pickaxe":1},"minecraft:crafted":{"minecraft:oak_planks":20,"ars_nouveau:archwood_planks":58,"minecraft:glass":0,"sophisticatedbackpacks:copper_backpack":1,"evilcraft:blood_extractor":4,"minecraft:chest":7,"minecraft:crafting_table":2,"minecraft:spruce_planks":7,"minecraft:wooden_pickaxe":1,"minecraft:raw_gold_block":3,"minecraft:copper_ingot":10,"mekanismtools:stone_paxel":1,"minecraft:shield":1,"naturescompass:naturescompass":1,"minecraft:stick":50,"minecraft:iron_pickaxe":1,"minecraft:stone_sword":1,"evilcraft:dark_spike":16,"artifacts:eternal_steak":1,"minecraft:stone_shovel":1,"allthecompressed:cobblestone_3x":1,"vanillaplustools:stone_hammer":1,"minecraft:furnace":1,"allthecompressed:cobblestone_1x":136,"minecraft:raw_copper_block":3,"minecraft:stone_pickaxe":12,"crafting_on_a_stick:smithing_table":1,"minecraft:dark_oak_planks":2,"gtceu:rubber_planks":1,"sophisticatedbackpacks:iron_backpack":1,"biomesoplenty:redwood_planks":5,"sophisticatedbackpacks:gold_backpack":1,"crafting_on_a_stick:crafting_table":2,"minecraft:stone_axe":1,"minecraft:air":734,"allthecompressed:cobblestone_2x":15,"minecraft:torch":47},"minecraft:picked_up":{"minecraft:redstone_block":1,"minecraft:flower_pot":2,"irons_spellbooks:affinity_ring":1,"botania:blue_mushroom":1,"minecraft:smithing_table":1,"minecraft:lead":2,"minecraft:diamond_sword":1,"gtceu:sticky_resin":19,"minecraft:oak_stairs":1,"minecraft:enchanted_book":1,"forbidden_arcanus:artisan_relic":2,"croptopia:calamari":4,"naturesaura:aura_cactus":3,"minecraft:string":1,"minecraft:raw_copper":145,"mysticalagriculture:inferium_essence":18,"minecraft:spruce_planks":24,"minecraft:azalea":1,"biomesoplenty:redwood_wood":5,"evilcraft:blood_extractor":1,"minecraft:furnace":2,"minecraft:stick":84,"apotheosis:gem":3,"minecraft:torch":57,"minecraft:porkchop":6,"twilightforest:fiery_boots":2,"aether:golden_gloves":1,"eidolon:tattered_cloth":1,"easy_villagers:villager":1,"minecraft:quartz_block":1,"evilcraft:box_of_eternal_closure":3,"productivebees:sturdy_bee_cage":1,"minecraft:rotten_flesh":1,"aether:chainmail_gloves":1,"minecraft:iron_bars":5,"minecraft:cobblestone":1441,"biomesoplenty:lavender":1,"minecraft:lilac":1,"minecraft:iron_door":1,"minecraft:smoker":3,"farmersdelight:bacon":16,"paraglider:spirit_orb":10,"gtceu:rubber_sapling":9,"delightful:cantaloupe":1,"minecraft:dirt":4,"minecraft:leather_boots":1,"bhc:red_heart":2,"minecraft:bone":19,"theurgy:sal_ammoniac_crystal":19,"minecraft:bow":3,"minecraft:mossy_stone_bricks":4,"twigs:twig":6,"ironfurnaces:iron_furnace":1,"minecraft:cooked_porkchop":3,"patchouli:guide_book":2,"quark:shale":4,"mekanismtools:osmium_chestplate":1,"torchmaster:megatorch":1,"minecraft:sand":4,"everythingcopper:copper_horse_armor":1,"minecraft:ink_sac":4,"minecraft:dark_oak_log":2,"alltheores:raw_aluminum":24,"minecraft:chainmail_helmet":1,"mekanismtools:osmium_paxel":1,"minecraft:crafting_table":1,"functionalstorage:oak_2":1,"gtceu:rubber_log":1,"enderio:broken_spawner":8,"minecraft:compass":1,"minecraft:beef":8,"minecraft:sugar_cane":11,"minecraft:raw_iron":22,"sophisticatedbackpacks:backpack":3,"ars_nouveau:blue_archwood_log":59,"ars_nouveau:frostaya_pod":1,"mekanismtools:osmium_helmet":1,"biomesoplenty:redwood_planks":2,"minecraft:arrow":10,"forbidden_arcanus:spawner_scrap":4,"minecraft:white_wool":6,"pneumaticcraft:nuke_virus":2,"minecraft:oxeye_daisy":1,"pneumaticcraft:spawner_agitator":1,"artifacts:eternal_steak":2,"minecraft:leather":6,"minecraft:oak_log":12,"minecraft:chainmail_chestplate":1,"quark:limestone":16,"minecraft:apple":1,"minecraft:iron_ingot":6,"minecraft:gray_bed":5,"minecraft:book":15,"minecraft:pumpkin":6,"minecraft:chiseled_stone_bricks":1,"pneumaticcraft:ingot_iron_compressed":1,"ars_nouveau:bastion_pod":3,"minecraft:spruce_sapling":8,"minecraft:spruce_log":29,"minecraft:blast_furnace":1,"minecraft:white_bed":2,"ars_nouveau:music_disc_thistle_the_sound_of_glass":1,"minecraft:spider_eye":1,"minecraft:slime_ball":4,"mekanismtools:osmium_boots":1,"immersiveengineering:seed":1,"minecraft:stone_axe":1,"minecraft:chainmail_leggings":1,"evilcraft:dark_gem":23,"minecraft:terracotta":128,"tombstone:magic_scroll":1,"minecraft:coal":107,"botania:brown_mystical_flower":1},"minecraft:broken":{"vanillaplustools:stone_hammer":1,"aether:leather_gloves":1},"minecraft:killed_by":{"minecraft:husk":1,"minecraft:skeleton":1}},"DataVersion":3465}