{"stats":{"minecraft:custom":{"lootr:looted_stat":11,"minecraft:mob_kills":17,"minecraft:interact_with_crafting_table":7,"minecraft:damage_dealt_resisted":0,"minecraft:eat_cake_slice":2,"minecraft:leave_game":2,"minecraft:time_since_death":37638,"minecraft:climb_one_cm":621,"minecraft:damage_resisted":0,"minecraft:sprint_one_cm":291800,"minecraft:walk_one_cm":172642,"minecraft:drop":100,"minecraft:talked_to_villager":5,"minecraft:deaths":2,"minecraft:play_time":125593,"minecraft:sneak_time":771,"minecraft:jump":1989,"minecraft:walk_on_water_one_cm":1901,"minecraft:total_world_time":125593,"minecraft:interact_with_furnace":16,"minecraft:sleep_in_bed":2,"minecraft:time_since_rest":35239,"minecraft:damage_taken":2687,"minecraft:damage_dealt":2858,"minecraft:swim_one_cm":15543,"minecraft:fly_one_cm":391149,"minecraft:open_chest":48,"minecraft:crouch_one_cm":1546,"tombstone:undead_killed":6,"minecraft:interact_with_smoker":7,"minecraft:fall_one_cm":44201},"minecraft:picked_up":{"mekanismtools:osmium_paxel":1,"minecraft:crafting_table":1,"functionalstorage:oak_2":1,"minecraft:flower_pot":1,"irons_spellbooks:affinity_ring":1,"minecraft:enchanted_book":1,"minecraft:lead":2,"gtceu:sticky_resin":19,"gtceu:rubber_log":1,"enderio:broken_spawner":2,"minecraft:string":1,"minecraft:raw_copper":145,"minecraft:compass":1,"mysticalagriculture:inferium_essence":12,"minecraft:spruce_planks":24,"minecraft:beef":6,"minecraft:azalea":1,"biomesoplenty:redwood_wood":5,"minecraft:furnace":2,"minecraft:raw_iron":22,"minecraft:stick":84,"apotheosis:gem":1,"minecraft:torch":26,"sophisticatedbackpacks:backpack":3,"minecraft:porkchop":6,"mekanismtools:osmium_helmet":1,"easy_villagers:villager":1,"biomesoplenty:redwood_planks":2,"productivebees:sturdy_bee_cage":1,"minecraft:arrow":4,"minecraft:rotten_flesh":1,"forbidden_arcanus:spawner_scrap":1,"minecraft:white_wool":6,"pneumaticcraft:nuke_virus":2,"minecraft:cobblestone":1441,"minecraft:oxeye_daisy":1,"biomesoplenty:lavender":1,"minecraft:lilac":1,"artifacts:eternal_steak":2,"minecraft:leather":6,"minecraft:smoker":3,"farmersdelight:bacon":16,"paraglider:spirit_orb":2,"gtceu:rubber_sapling":9,"minecraft:oak_log":12,"quark:limestone":16,"minecraft:dirt":4,"bhc:red_heart":1,"minecraft:bone":9,"theurgy:sal_ammoniac_crystal":19,"minecraft:apple":1,"minecraft:bow":2,"twigs:twig":4,"minecraft:gray_bed":5,"minecraft:cooked_porkchop":3,"quark:shale":4,"patchouli:guide_book":2,"mekanismtools:osmium_chestplate":1,"pneumaticcraft:ingot_iron_compressed":1,"everythingcopper:copper_horse_armor":1,"minecraft:spruce_sapling":7,"minecraft:spruce_log":29,"ars_nouveau:music_disc_thistle_the_sound_of_glass":1,"minecraft:dark_oak_log":2,"minecraft:spider_eye":1,"minecraft:slime_ball":4,"mekanismtools:osmium_boots":1,"immersiveengineering:seed":1,"minecraft:stone_axe":1,"minecraft:chainmail_leggings":1,"alltheores:raw_aluminum":24,"evilcraft:dark_gem":9,"minecraft:chainmail_helmet":1,"minecraft:coal":101},"minecraft:mined":{"minecraft:dark_oak_leaves":3,"quark:shale":4,"minecraft:dark_oak_log":2,"functionalstorage:oak_2":1,"minecraft:granite":1,"minecraft:grass_block":4,"minecraft:spruce_leaves":4,"mysticalagriculture:inferium_ore":3,"minecraft:spawner":1,"minecraft:furnace":2,"minecraft:iron_ore":22,"biomesoplenty:lavender":1,"gtceu:rubber_log":1,"evilcraft:dark_ore":2,"minecraft:azure_bluet":1,"biomesoplenty:high_grass":2,"minecraft:cobblestone_slab":1,"quark:limestone":17,"alltheores:aluminum_ore":24,"biomesoplenty:spider_egg":1,"minecraft:stone":964,"sophisticatedbackpacks:backpack":1,"minecraft:smoker":3,"minecraft:crafting_table":1,"minecraft:torch":3,"biomesoplenty:high_grass_plant":3,"minecraft:copper_ore":30,"minecraft:cobblestone":21,"theurgy:sal_ammoniac_ore":19,"minecraft:wall_torch":4,"minecraft:lilac":1,"minecraft:gray_bed":5,"minecraft:spruce_log":29,"minecraft:grass":5,"minecraft:oak_log":2,"minecraft:coal_ore":78,"minecraft:flower_pot":1,"minecraft:dirt":3,"biomesoplenty:stringy_cobweb":2,"biomesoplenty:redwood_wood":5,"minecraft:oak_leaves":12},"minecraft:used":{"minecraft:stone_sword":94,"biomesoplenty:redwood_planks":5,"minecraft:chest":6,"vanillaplustools:stone_hammer":135,"minecraft:torch":123,"pneumaticcraft:compressed_stone":3,"functionalstorage:oak_2":1,"mekanismtools:osmium_helmet":1,"minecraft:furnace":2,"ars_nouveau:sourceberry_bush":2,"minecraft:gray_bed":4,"torchmaster:megatorch":1,"tombstone:scroll_of_reach":1,"minecraft:wooden_pickaxe":2,"mekanismtools:stone_paxel":51,"artifacts:eternal_steak":22,"minecraft:crafting_table":1,"minecraft:spruce_log":3,"minecraft:smoker":1,"sophisticatedbackpacks:backpack":1,"minecraft:bread":1,"minecraft:iron_pickaxe":122,"minecraft:cobblestone":28,"mekanismtools:osmium_chestplate":1},"minecraft:killed_by":{"minecraft:husk":1,"minecraft:skeleton":1},"minecraft:dropped":{"minecraft:enchanted_book":1,"everythingcopper:copper_horse_armor":1,"minecraft:porkchop":9,"minecraft:cooked_beef":8,"minecraft:lilac":1,"minecraft:baked_potato":7,"minecraft:cooked_porkchop":6,"biomesoplenty:lavender":1,"minecraft:cobblestone":411,"minecraft:lead":2,"tombstone:tablet_of_assistance":1,"minecraft:leather":1,"minecraft:honeycomb":4,"quark:limestone":12,"minecraft:coal":21,"minecraft:stick":60,"minecraft:oxeye_daisy":1,"minecraft:dirt":3,"irons_spellbooks:affinity_ring":1,"functionalstorage:oak_2":3,"tombstone:magic_scroll":1,"gtceu:rubber_sapling":9,"minecraft:music_disc_ward":1,"alltheores:raw_aluminum":24,"farmersdelight:bacon":24,"pneumaticcraft:nuke_virus":2,"minecraft:chainmail_leggings":1,"minecraft:white_wool":6,"twigs:twig":4,"minecraft:spruce_sapling":3,"minecraft:furnace":1,"minecraft:stone_axe":1,"minecraft:raw_iron":16,"minecraft:rotten_flesh":1,"biomesoplenty:redwood_planks":2,"minecraft:smoker":1,"sophisticatedbackpacks:backpack":1,"quark:shale":4,"patchouli:guide_book":1,"minecraft:eye_armor_trim_smithing_template":1,"farmersdelight:flint_knife":1,"minecraft:spruce_planks":12,"ars_nouveau:music_disc_thistle_the_sound_of_glass":1,"mysticalagriculture:inferium_essence":7,"minecraft:beetroot_seeds":2,"apotheosis:gem":1,"minecraft:azalea":1,"artifacts:eternal_steak":2,"productivebees:sturdy_bee_cage":2,"minecraft:leather_leggings":1,"easy_villagers:villager":1,"minecraft:bow":2,"minecraft:wooden_pickaxe":1,"minecraft:beef":6,"gtceu:sticky_resin":19,"immersiveengineering:seed":1},"minecraft:killed":{"minecraft:cave_spider":1,"minecraft:skeleton":3,"eidolon:wraith":1,"minecraft:husk":1,"minecraft:sheep":7,"minecraft:trader_llama":2,"minecraft:zombie":1,"minecraft:cow":1},"minecraft:crafted":{"artifacts:eternal_steak":1,"minecraft:oak_planks":20,"minecraft:stone_shovel":1,"allthecompressed:cobblestone_3x":1,"vanillaplustools:stone_hammer":1,"minecraft:furnace":1,"allthecompressed:cobblestone_1x":136,"sophisticatedbackpacks:copper_backpack":1,"minecraft:stone_pickaxe":12,"minecraft:chest":7,"minecraft:dark_oak_planks":2,"gtceu:rubber_planks":1,"minecraft:crafting_table":2,"minecraft:spruce_planks":7,"biomesoplenty:redwood_planks":5,"minecraft:wooden_pickaxe":1,"minecraft:copper_ingot":10,"crafting_on_a_stick:crafting_table":2,"minecraft:stone_axe":1,"mekanismtools:stone_paxel":1,"minecraft:air":441,"naturescompass:naturescompass":1,"minecraft:stick":47,"minecraft:stone_sword":1,"allthecompressed:cobblestone_2x":15,"minecraft:torch":37},"minecraft:broken":{"vanillaplustools:stone_hammer":1,"aether:leather_gloves":1}},"DataVersion":3465}