{"stats":{"minecraft:broken":{"evilcraft:vengeance_pickaxe":1,"constructionwand:iron_wand":1,"minecraft:wooden_axe":24},"minecraft:killed":{"minecraft:cave_spider":5,"minecraft:spider":5,"minecraft:skeleton":6,"quark:stoneling":1,"minecraft:zombie_villager":2,"minecraft:creeper":2,"minecraft:pillager":3,"minecraft:trader_llama":4,"minecraft:zombie":14,"eidolon:zombie_brute":3,"eidolon:wraith":1,"minecraft:wandering_trader":2},"minecraft:crafted":{"delightful:cantaloupe_slice":4,"minecraft:oak_planks":9,"minecraft:melon_slice":1,"minecraft:chest":1,"aether:diamond_gloves":1,"sophisticatedbackpacks:backpack":1,"biomesoplenty:jacaranda_planks":3,"minecraft:crafting_table":5,"minecraft:wooden_pickaxe":1,"minecraft:shield":1,"sophisticatedbackpacks:diamond_backpack":1,"minecraft:stick":27,"minecraft:stone_pickaxe":1,"sophisticatedbackpacks:iron_backpack":1,"biomesoplenty:redwood_planks":71,"sophisticatedbackpacks:gold_backpack":1,"crafting_on_a_stick:crafting_table":1,"minecraft:stone_axe":1,"minecraft:air":299,"minecraft:oak_boat":1,"minecraft:wooden_axe":25},"minecraft:picked_up":{"minecraft:wooden_axe":1,"minecraft:chainmail_boots":1,"minecraft:anvil":1,"artifacts:bunny_hoppers":1,"minecraft:lead":9,"botania:black_double_flower":1,"minecraft:enchanted_book":3,"everythingcopper:copper_sword":1,"silentgear:fluffy_seeds":1,"forbidden_arcanus:xpetrified_orb":1,"silentgear:sinew":2,"minecraft:string":5,"waystones:warp_plate":2,"sushigocrafting:sesame_seeds":1,"mysticalagriculture:inferium_essence":11,"minecraft:cobbled_deepslate":10,"minecraft:bucket":1,"minecraft:ender_eye":1,"minecraft:iron_pickaxe":2,"biomesoplenty:redwood_wood":1486,"minecraft:coal_block":16,"ars_elemental:flashpine_pod":9,"evilcraft:blood_extractor":3,"wstweaks:fragment":4,"minecraft:iron_boots":1,"apotheosis:gem":1,"minecraft:torch":6,"mysticalagriculture:prosperity_shard":2,"everythingcopper:copper_leggings":1,"tombstone:grave_dust":7,"eidolon:tattered_cloth":1,"minecraft:rotten_flesh":23,"silentgear:leather_scrap":8,"farmersdelight:onion":2,"reliquary:mob_charm_fragment":1,"supplementaries:ash":29,"delightful:cantaloupe_seeds":2,"minecraft:cobblestone":712,"biomesoplenty:lavender":8,"evilcraft:vengeance_pickaxe":7,"minecraft:enchanting_table":2,"minecraft:feather":4,"paraglider:spirit_orb":68,"delightful:cantaloupe":4,"minecraft:lapis_lazuli":18,"minecraft:dirt":199,"constructionwand:iron_wand":3,"minecraft:bone":7,"alltheores:raw_tin":14,"sushigocrafting:wasabi_seeds":2,"theurgy:sal_ammoniac_crystal":2,"croptopia:sweetpotato":1,"delightful:mini_melon":1,"minecraft:bow":1,"mekanismtools:bronze_sword":1,"minecraft:wheat_seeds":1,"minecraft:raw_gold":5,"everythingcopper:copper_helmet":1,"twigs:twig":5,"ironfurnaces:iron_furnace":1,"reliquary:frozen_core":2,"croptopia:chile_pepper_seed":1,"patchouli:guide_book":1,"quark:shale":5,"mekanismtools:osmium_chestplate":1,"torchmaster:megatorch":1,"quark:jasper":28,"croptopia:chile_pepper":1,"minecraft:bundle":2,"alltheores:raw_nickel":1,"waystones:waystone":4,"minecraft:crossbow":1,"minecraft:chainmail_helmet":2,"minecraft:netherrack":1,"biomesoplenty:redwood_log":22,"minecraft:cocoa_beans":3,"minecraft:allium":9,"croptopia:sweetpotato_seed":2,"minecraft:diamond_horse_armor":1,"gtceu:rubber_log":6,"minecraft:brick":13,"sushigocrafting:soy_seeds":2,"minecraft:oak_boat":3,"sophisticatedstorage:iron_chest":2,"minecraft:egg":1,"minecraft:raw_iron":25,"evilcraft:origins_of_darkness":1,"everythingcopper:copper_boots":1,"everythingcopper:copper_chestplate":1,"minecraft:carrot":46,"crafting_on_a_stick:crafting_table":2,"thermal:peanut_seeds":1,"minecraft:arrow":8,"minecraft:diamond_chestplate":1,"biomesoplenty:jacaranda_log":3,"minecraft:diamond_boots":1,"biomesoplenty:redwood_sapling":7,"alltheores:raw_osmium":1,"minecraft:mutton":1,"minecraft:white_wool":1,"minecraft:clock":1,"pneumaticcraft:spawner_agitator":7,"artifacts:eternal_steak":2,"minecraft:leather":6,"minecraft:oak_log":9,"quark:limestone":3,"vanillaplustools:iron_hammer":3,"minecraft:stone_bricks":10,"minecraft:rabbit_hide":5,"minecraft:iron_ingot":27,"minecraft:glass_bottle":1,"minecraft:gray_bed":1,"sophisticatedbackpacks:diamond_backpack":1,"minecraft:book":289,"sushigocrafting:cucumber_seeds":1,"powah:uraninite_raw":2,"minecraft:white_bed":2,"minecraft:spider_eye":9,"minecraft:spruce_door":1,"forbidden_arcanus:arcane_crystal":7,"immersiveengineering:seed":6,"mekanismtools:osmium_boots":1,"minecraft:chainmail_leggings":3,"evilcraft:dark_gem":4,"minecraft:baked_potato":2,"tombstone:magic_scroll":2,"thermal:amaranth_seeds":2,"minecraft:coal":49,"minecraft:ender_pearl":4,"quark:diamond_heart":1},"minecraft:dropped":{"forbidden_arcanus:artisan_relic":1,"minecraft:iron_sword":1,"minecraft:diamond_axe":1,"minecraft:cooked_beef":3,"minecraft:diamond":2,"minecraft:glass_bottle":5,"minecraft:honeycomb":2,"minecraft:saddle":1,"quark:limestone":1,"croptopia:chile_pepper_seed":1,"delightful:cantaloupe_seeds":2,"minecraft:emerald":27,"everythingcopper:copper_sword":3,"constructionwand:iron_wand":1,"immersiveengineering:ingot_steel":1,"minecraft:mutton":1,"croptopia:sweetpotato_seed":2,"everythingcopper:copper_boots":4,"thermal:peanut_seeds":1,"minecraft:iron_pickaxe":1,"vanillaplustools:iron_hammer":1,"minecraft:fermented_spider_eye":1,"minecraft:white_wool":1,"enderio:vibrant_alloy_ingot":1,"twigs:twig":4,"minecraft:bone":2,"minecraft:wheat":8,"minecraft:obsidian":64,"minecraft:rotten_flesh":25,"sushigocrafting:sesame_seeds":1,"gtceu:manganese_ingot":3,"sophisticatedbackpacks:diamond_backpack":1,"crafting_on_a_stick:crafting_table":1,"supplementaries:ash":8,"mysticalagriculture:inferium_essence":3,"apotheosis:gem":1,"minecraft:chainmail_boots":2,"minecraft:arrow":2,"immersiveengineering:seed":4,"minecraft:bread":4,"everythingcopper:copper_horse_armor":2,"minecraft:wheat_seeds":1,"gtceu:chromium_dust":2,"evilcraft:condensed_blood":70,"biomesoplenty:lavender":8,"minecraft:book":172,"minecraft:cobblestone":238,"minecraft:lead":2,"reliquary:glowing_water":3,"minecraft:apple":2,"evilcraft:vengeance_pickaxe":6,"minecraft:chainmail_helmet":3,"minecraft:coal_block":16,"minecraft:torch":2,"minecraft:wooden_axe":2,"tombstone:grave_dust":3,"minecraft:chainmail_leggings":3,"everythingcopper:copper_leggings":3,"artifacts:bunny_hoppers":1,"minecraft:dandelion":1,"ars_elemental:flashpine_pod":9,"sushigocrafting:cucumber_seeds":1,"minecraft:iron_boots":1,"evilcraft:origins_of_darkness":1,"waystones:warp_plate":2,"enderio:copper_alloy_ingot":1,"minecraft:shield":1,"silentgear:fluffy_seeds":1,"aether:iron_gloves":1,"everythingcopper:copper_helmet":4,"gtceu:damascus_steel_ingot":11,"minecraft:oak_sapling":3,"everythingcopper:copper_chestplate":3,"artifacts:eternal_steak":2,"minecraft:spider_eye":14,"minecraft:bow":1,"minecraft:wooden_pickaxe":1,"waystones:waystone":2},"minecraft:used":{"minecraft:chest":1,"minecraft:iron_sword":7,"minecraft:rotten_flesh":3,"constructionwand:iron_wand":25,"minecraft:honey_bottle":6,"quark:limestone":2,"minecraft:iron_helmet":1,"minecraft:stone_bricks":10,"ironfurnaces:iron_furnace":2,"minecraft:egg":1,"minecraft:spruce_door":1,"minecraft:stone_pickaxe":13,"minecraft:oak_planks":16,"minecraft:ender_pearl":5,"minecraft:wooden_pickaxe":3,"artifacts:eternal_steak":1,"sophisticatedstorage:basic_tier_upgrade":1,"waystones:waystone":1,"minecraft:melon_slice":3,"minecraft:bread":4,"sophisticatedstorage:basic_to_iron_tier_upgrade":1,"minecraft:diamond_sword":79,"functionalstorage:oak_1":1,"minecraft:oak_boat":3,"minecraft:enchanting_table":2,"minecraft:dried_kelp":3,"evilcraft:vengeance_pickaxe":154,"minecraft:netherrack":1,"minecraft:stick":1,"minecraft:torch":2,"minecraft:dirt":134,"minecraft:anvil":1,"croptopia:chile_pepper":1,"minecraft:cod_bucket":1,"minecraft:diamond_helmet":2,"minecraft:wooden_axe":1533,"everythingcopper:copper_boots":1,"minecraft:golden_carrot":3,"tombstone:gift":5,"torchmaster:megatorch":2,"minecraft:cooked_beef":12,"minecraft:water_bucket":2,"minecraft:baked_potato":21,"botania:black_double_flower":1,"minecraft:salmon":3,"minecraft:crafting_table":4,"mekanismtools:osmium_boots":1,"minecraft:white_bed":2,"minecraft:cod":3,"croptopia:sweetpotato":1,"everythingcopper:copper_chestplate":1,"minecraft:diamond_pickaxe":500,"minecraft:iron_pickaxe":19,"delightful:cantaloupe_slice":8,"minecraft:stone_axe":1,"minecraft:cobblestone":227,"minecraft:potion":1,"vanillaplustools:iron_hammer":1,"minecraft:bucket":2},"minecraft:killed_by":{"eidolon:wraith":1,"eidolon:zombie_brute":1,"minecraft:zombie":1},"minecraft:mined":{"minecraft:white_bed":2,"minecraft:jungle_leaves":3,"minecraft:grass_block":65,"minecraft:coal_block":16,"botania:black_double_flower":1,"ars_nouveau:sourceberry_bush":2,"theurgy:deepslate_sal_ammoniac_ore":1,"biomesoplenty:tall_lavender":1,"minecraft:iron_ore":5,"minecraft:fire":5,"biomesoplenty:lavender":9,"minecraft:anvil":1,"minecraft:enchanting_table":2,"supplementaries:stick":1,"biomesoplenty:redwood_log":22,"biomesoplenty:webbing":4,"quark:limestone":3,"ironfurnaces:iron_furnace":1,"biomesoplenty:hanging_cobweb_strand":2,"quark:cobblestone_bricks":9,"minecraft:cobblestone":1,"alltheores:deepslate_nickel_ore":1,"delightful:cantaloupe":5,"alltheores:deepslate_osmium_ore":1,"evilcraft:dark_ore_deepslate":1,"alltheores:tin_ore":14,"croptopia:chile_pepper_crop":1,"minecraft:grass":42,"minecraft:oak_log":3,"delightful:mini_melon":1,"minecraft:dirt":70,"mysticalagriculture:deepslate_prosperity_ore":2,"minecraft:netherrack":1,"minecraft:deepslate":2,"evilcraft:hardened_blood":9,"powah:deepslate_uraninite_ore":1,"silentgear:wild_flax_plant":1,"quark:shale":1,"farmersdelight:wild_carrots":8,"torchmaster:megatorch":1,"biomesoplenty:bush":25,"minecraft:allium":1,"delightful:cantaloupe_plant":2,"quark:jasper":28,"minecraft:large_fern":8,"farmersdelight:wild_onions":3,"biomesoplenty:jacaranda_log":3,"forbidden_arcanus:deepslate_arcane_crystal_ore":7,"gtceu:rubber_log":6,"minecraft:vine":1,"alltheores:silver_ore":1,"minecraft:stone":586,"biomesoplenty:spider_egg":1,"croptopia:sweetpotato_crop":1,"minecraft:crafting_table":1,"silentgear:wild_fluffy_plant":1,"minecraft:tall_grass":3,"biomesoplenty:huge_clover_petal":1,"biomesoplenty:sprout":9,"theurgy:sal_ammoniac_ore":1,"forbidden_arcanus:xpetrified_ore":1,"minecraft:gray_bed":1,"minecraft:birch_leaves":2,"minecraft:coal_ore":2,"biomesoplenty:stringy_cobweb":3,"minecraft:cobweb":1,"minecraft:stone_bricks":1,"biomesoplenty:redwood_wood":1441,"minecraft:fern":30},"minecraft:custom":{"lootr:looted_stat":25,"minecraft:interact_with_crafting_table":20,"minecraft:leave_game":2,"minecraft:time_since_death":83197,"minecraft:damage_resisted":2,"minecraft:sprint_one_cm":418145,"minecraft:drop":144,"minecraft:talked_to_villager":10,"minecraft:play_time":176417,"minecraft:deaths":8,"minecraft:jump":4694,"minecraft:walk_on_water_one_cm":18870,"minecraft:interact_with_furnace":26,"minecraft:sleep_in_bed":4,"minecraft:waystone_activated":2,"minecraft:damage_dealt":11100,"minecraft:crouch_one_cm":35054,"tombstone:undead_killed":26,"tombstone:villager_killed":2,"minecraft:interact_with_smoker":1,"minecraft:mob_kills":49,"minecraft:damage_dealt_resisted":0,"minecraft:climb_one_cm":12695,"minecraft:walk_one_cm":186471,"minecraft:sneak_time":9371,"minecraft:walk_under_water_one_cm":14957,"minecraft:boat_one_cm":55324,"minecraft:total_world_time":176417,"tombstone:raider_killed":3,"minecraft:time_since_rest":35084,"minecraft:damage_taken":5677,"minecraft:use_wand":136,"minecraft:swim_one_cm":186934,"minecraft:fly_one_cm":985201,"minecraft:open_chest":234,"minecraft:fall_one_cm":223175}},"DataVersion":3465}