{
  "securitycraft:recipes/redstone/reinforced_jungle_fence_gate": {
    "criteria": {
      "has_stick": "2024-07-12 02:39:35 +0000"
    },
    "done": true
  },
  "supplementaries:recipes/flags/flag_magenta": {
    "criteria": {
      "has_stick": "2024-07-12 02:39:35 +0000"
    },
    "done": true
  },
  "constructionwand:recipes/tools/stone_wand": {
    "criteria": {
      "has_item": "2024-07-12 02:41:39 +0000"
    },
    "done": true
  },
  "undergarden:undergarden/root": {
    "criteria": {
      "tick": "2024-07-12 02:31:18 +0000"
    },
    "done": true
  },
  "railcraft:recipes/misc/golden_ticket": {
    "criteria": {
      "has_paper": "2024-07-12 02:43:35 +0000"
    },
    "done": true
  },
  "railcraft:recipes/blast_furnace/blasting_iron_pickaxe": {
    "criteria": {
      "has_iron_pickaxe": "2024-07-12 02:41:59 +0000"
    },
    "done": true
  },
  "minecraft:recipes/decorations/chest": {
    "criteria": {
      "has_lots_of_items": "2024-07-12 02:41:02 +0000"
    },
    "done": true
  },
  "mcwwindows:recipes/dark_prismarine": {
    "criteria": {
      "has_the_recipe": "2024-07-12 02:44:55 +0000"
    },
    "done": true
  },
  "mcwfences:recipes/jungle": {
    "criteria": {
      "has_jungle": "2024-07-12 02:35:12 +0000"
    },
    "done": true
  },
  "minecraft:adventure/sleep_in_bed": {
    "criteria": {
      "slept_in_bed": "2024-07-12 02:42:15 +0000"
    },
    "done": true
  },
  "mekanism:root": {
    "criteria": {
      "automatic": "2024-07-12 02:31:18 +0000"
    },
    "done": true
  },
  "mcwfences:recipes/warped": {
    "criteria": {
      "has_warped": "2024-07-12 02:35:12 +0000"
    },
    "done": true
  },
  "biomesoplenty:recipes/building_blocks/redwood_planks": {
    "criteria": {
      "has_logs": "2024-07-12 02:38:14 +0000"
    },
    "done": true
  },
  "dyenamics:recipes/misc/bed/honey_bed_frm_white_bed": {
    "criteria": {
      "has_white_bed": "2024-07-12 02:40:52 +0000"
    },
    "done": true
  },
  "solcarrot:recipes/food_book": {
    "criteria": {
      "has_book": "2024-07-12 02:35:12 +0000",
      "has_carrot": "2024-07-12 02:35:12 +0000"
    },
    "done": true
  },
  "securitycraft:recipes/building_blocks/reinforced_andesite_with_vanilla_cobblestone": {
    "criteria": {
      "has_cobblestone": "2024-07-12 02:41:39 +0000"
    },
    "done": true
  },
  "croptopia:recipes/campfire_toast": {
    "criteria": {
      "has_bread": "2024-07-12 02:40:51 +0000"
    },
    "done": true
  },
  "handcrafted:recipes/misc/bear_trophy": {
    "criteria": {
      "has_bear_trophy": "2024-07-12 02:39:08 +0000"
    },
    "done": true
  },
  "utilitix:recipes/misc/armed_stand": {
    "criteria": {
      "criterion1": "2024-07-12 02:39:35 +0000"
    },
    "done": true
  },
  "utilitix:recipes/misc/crude_furnace": {
    "criteria": {
      "criterion1": "2024-07-12 02:41:39 +0000"
    },
    "done": true
  },
  "mcwtrpdoors:recipes/oak/oak_beach_trapdoor": {
    "criteria": {
      "has_logs": "2024-07-12 02:44:55 +0000"
    },
    "done": true
  },
  "lootr:1barrel": {
    "criteria": {
      "opened_barrel": "2024-07-12 02:48:42 +0000"
    },
    "done": true
  },
  "additionallanterns:recipes/misc/end_stone_lantern": {
    "criteria": {
      "recipe_condition": "2024-07-12 02:39:23 +0000"
    },
    "done": true
  },
  "pneumaticcraft:recipes/misc/manual_compressor": {
    "criteria": {
      "has_pressure_tube": "2024-07-12 02:43:33 +0000"
    },
    "done": true
  },
  "handcrafted:recipes/misc/goat_trophy": {
    "criteria": {
      "has_goat_trophy": "2024-07-12 02:39:08 +0000"
    },
    "done": true
  },
  "dyenamics:recipes/misc/banner/persimmon_banner": {
    "criteria": {
      "has_stick": "2024-07-12 02:39:35 +0000"
    },
    "done": true
  },
  "securitycraft:recipes/redstone/reinforced_dark_oak_fence_gate": {
    "criteria": {
      "has_stick": "2024-07-12 02:39:35 +0000"
    },
    "done": true
  },
  "additionallanterns:recipes/misc/stone_lantern": {
    "criteria": {
      "recipe_condition": "2024-07-12 02:39:23 +0000"
    },
    "done": true
  },
  "corail_woodcutter:recipes/from_mangrove_planks": {
    "criteria": {
      "has_ingredient": "2024-07-12 02:35:12 +0000"
    },
    "done": true
  },
  "minecraft:recipes/food/cooked_porkchop_from_smoking": {
    "criteria": {
      "has_porkchop": "2024-07-12 02:41:58 +0000"
    },
    "done": true
  },
  "betterdungeons:root": {
    "criteria": {
      "always": "2024-07-12 02:31:18 +0000"
    },
    "done": true
  },
  "securitycraft:recipes/misc/reinforced_dark_oak_fence": {
    "criteria": {
      "has_stick": "2024-07-12 02:39:35 +0000"
    },
    "done": true
  },
  "securitycraft:recipes/misc/reinforced_oak_fence": {
    "criteria": {
      "has_stick": "2024-07-12 02:39:35 +0000"
    },
    "done": true
  },
  "minecraft:recipes/building_blocks/cobblestone_stairs": {
    "criteria": {
      "has_cobblestone": "2024-07-12 02:41:39 +0000"
    },
    "done": true
  },
  "mcwtrpdoors:recipes/oak/oak_barred_trapdoor": {
    "criteria": {
      "has_logs": "2024-07-12 02:44:55 +0000"
    },
    "done": true
  },
  "securitycraft:recipes/misc/reinforced_bamboo_fence": {
    "criteria": {
      "has_stick": "2024-07-12 02:39:35 +0000"
    },
    "done": true
  },
  "mcwfences:recipes/birch": {
    "criteria": {
      "has_birch": "2024-07-12 02:35:12 +0000"
    },
    "done": true
  },
  "utilitarian:recipes/misc/no_soliciting/soliciting_carpets/yellow_soliciting_carpet": {
    "criteria": {
      "has_flower": "2024-07-12 02:35:12 +0000"
    },
    "done": true
  },
  "farmersdelight:recipes/food/cooked_bacon": {
    "criteria": {
      "cooked_bacon": "2024-07-12 02:41:58 +0000"
    },
    "done": true
  },
  "travelersbackpack:recipes/misc/coal": {
    "criteria": {
      "has_coal": "2024-07-12 02:48:54 +0000"
    },
    "done": true
  },
  "supplementaries:recipes/timber_cross_brace": {
    "criteria": {
      "forge:rods/wooden": "2024-07-12 02:39:35 +0000"
    },
    "done": true
  },
  "minecraft:story/obtain_armor": {
    "criteria": {
      "iron_leggings": "2024-07-12 02:48:50 +0000"
    },
    "done": true
  },
  "aquaculture:recipes/tools/iron_fishing_rod": {
    "criteria": {
      "has_vanilla_rod": "2024-07-12 02:35:12 +0000"
    },
    "done": true
  },
  "utilitix:recipes/misc/reinforced_rail": {
    "criteria": {
      "criterion2": "2024-07-12 02:39:35 +0000"
    },
    "done": true
  },
  "minecraft:recipes/combat/stone_sword": {
    "criteria": {
      "has_cobblestone": "2024-07-12 02:41:39 +0000"
    },
    "done": true
  },
  "minecraft:recipes/decorations/cobblestone_wall": {
    "criteria": {
      "has_cobblestone": "2024-07-12 02:41:39 +0000"
    },
    "done": true
  },
  "minecraft:recipes/tools/stone_axe": {
    "criteria": {
      "has_cobblestone": "2024-07-12 02:41:39 +0000"
    },
    "done": true
  },
  "silentgear:recipes/misc/stone_torch": {
    "criteria": {
      "has_item": "2024-07-12 02:48:54 +0000"
    },
    "done": true
  },
  "aquaculture:recipes/decorations/oak_fish_mount": {
    "criteria": {
      "has_items": "2024-07-12 02:35:12 +0000"
    },
    "done": true
  },
  "domum_ornamentum:recipes/building_blocks/blockbarreldeco_onside": {
    "criteria": {
      "has_planks": "2024-07-12 02:39:08 +0000"
    },
    "done": true
  },
  "enderio:recipes/misc/wood_gear": {
    "criteria": {
      "has_ingredient": "2024-07-12 02:39:35 +0000"
    },
    "done": true
  },
  "silentgear:root": {
    "criteria": {
      "get_item": "2024-07-12 02:39:12 +0000"
    },
    "done": true
  },
  "croptopia:recipes/food/toast_from_smoking_bread": {
    "criteria": {
      "has_bread": "2024-07-12 02:40:51 +0000"
    },
    "done": true
  },
  "pneumaticcraft:recipes/misc/air_cannon": {
    "criteria": {
      "has_pressure_tube": "2024-07-12 02:43:33 +0000"
    },
    "done": true
  },
  "ae2wtlib:recipes/wireless_pattern_encoding_terminal": {
    "criteria": {
      "has_wt": "2024-07-12 02:35:12 +0000"
    },
    "done": true
  },
  "corail_woodcutter:recipes/from_oak_planks": {
    "criteria": {
      "has_ingredient": "2024-07-12 02:35:12 +0000"
    },
    "done": true
  },
  "betterdeserttemples:root": {
    "criteria": {
      "always": "2024-07-12 02:31:18 +0000"
    },
    "done": true
  },
  "dyenamics:recipes/misc/bed/fluorescent_bed_frm_white_bed": {
    "criteria": {
      "has_white_bed": "2024-07-12 02:40:52 +0000"
    },
    "done": true
  },
  "additionallanterns:recipes/misc/netherite_lantern": {
    "criteria": {
      "recipe_condition": "2024-07-12 02:39:23 +0000"
    },
    "done": true
  },
  "supplementaries:recipes/notice_board": {
    "criteria": {
      "minecraft:planks": "2024-07-12 02:39:08 +0000"
    },
    "done": true
  },
  "mcwtrpdoors:recipes/acacia/oak_bark_trapdoor": {
    "criteria": {
      "has_logs": "2024-07-12 02:44:55 +0000"
    },
    "done": true
  },
  "mcwtrpdoors:recipes/oak/oak_barrel_trapdoor": {
    "criteria": {
      "has_logs": "2024-07-12 02:44:55 +0000"
    },
    "done": true
  },
  "biomesoplenty:recipes/redstone/redwood_pressure_plate": {
    "criteria": {
      "has_planks": "2024-07-12 02:39:08 +0000"
    },
    "done": true
  },
  "supplementaries:recipes/flags/flag_cyan": {
    "criteria": {
      "has_stick": "2024-07-12 02:39:35 +0000"
    },
    "done": true
  },
  "forbidden_arcanus:recipes/tools/stone_blacksmith_gavel": {
    "criteria": {
      "has_stone_tool_materials": "2024-07-12 02:41:39 +0000"
    },
    "done": true
  },
  "ironfurnaces:coal": {
    "criteria": {
      "rainbowcoal": "2024-07-12 02:35:12 +0000"
    },
    "done": true
  },
  "utilitix:recipes/misc/tiny_charcoal_to_tiny": {
    "criteria": {
      "criterion0": "2024-07-12 02:48:54 +0000"
    },
    "done": true
  },
  "rftoolsbuilder:recipes/rftoolsbuilder/vehicle_control_module": {
    "criteria": {
      "paper": "2024-07-12 02:43:35 +0000"
    },
    "done": true
  },
  "additionallanterns:recipes/misc/bricks_lantern": {
    "criteria": {
      "recipe_condition": "2024-07-12 02:39:23 +0000"
    },
    "done": true
  },
  "utilitarian:recipes/misc/no_soliciting/soliciting_carpets/light_blue_soliciting_carpet": {
    "criteria": {
      "has_flower": "2024-07-12 02:35:12 +0000"
    },
    "done": true
  },
  "utilitarian:recipes/misc/no_soliciting/soliciting_carpets/black_soliciting_carpet": {
    "criteria": {
      "has_flower": "2024-07-12 02:35:12 +0000"
    },
    "done": true
  },
  "additionallanterns:recipes/misc/smooth_stone_lantern": {
    "criteria": {
      "recipe_condition": "2024-07-12 02:39:23 +0000"
    },
    "done": true
  },
  "domum_ornamentum:recipes/building_blocks/blockbarreldeco_standing": {
    "criteria": {
      "has_planks": "2024-07-12 02:39:08 +0000"
    },
    "done": true
  },
  "utilitarian:recipes/misc/utility/oak_logs_to_trapdoors": {
    "criteria": {
      "has_log": "2024-07-12 02:44:55 +0000"
    },
    "done": true
  },
  "corail_woodcutter:recipes/from_birch_planks": {
    "criteria": {
      "has_ingredient": "2024-07-12 02:35:12 +0000"
    },
    "done": true
  },
  "utilitarian:recipes/misc/no_soliciting/soliciting_carpets/orange_soliciting_carpet": {
    "criteria": {
      "has_flower": "2024-07-12 02:35:12 +0000"
    },
    "done": true
  },
  "minecraft:husbandry/balanced_diet": {
    "criteria": {
      "bread": "2024-07-12 02:41:08 +0000"
    },
    "done": false
  },
  "cfm:recipes/decorations/oak_kitchen_drawer": {
    "criteria": {
      "has_log": "2024-07-12 02:44:55 +0000"
    },
    "done": true
  },
  "aether:recipes/combat/leather_gloves_repairing": {
    "criteria": {
      "has_leather_gloves": "2024-07-12 02:41:48 +0000"
    },
    "done": true
  },
  "handcrafted:recipes/misc/skeleton_horse_trophy": {
    "criteria": {
      "has_skeleton_horse_trophy": "2024-07-12 02:39:08 +0000"
    },
    "done": true
  },
  "corail_woodcutter:recipes/from_bamboo_planks": {
    "criteria": {
      "has_ingredient": "2024-07-12 02:35:12 +0000"
    },
    "done": true
  },
  "minecraft:recipes/misc/eye_armor_trim_smithing_template_smithing_trim": {
    "criteria": {
      "has_smithing_trim_template": "2024-07-12 02:43:33 +0000"
    },
    "done": true
  },
  "securitycraft:recipes/misc/motion_activated_light": {
    "criteria": {
      "has_stick": "2024-07-12 02:39:35 +0000"
    },
    "done": true
  },
  "dyenamics:recipes/misc/bed/navy_bed_frm_white_bed": {
    "criteria": {
      "has_white_bed": "2024-07-12 02:40:52 +0000"
    },
    "done": true
  },
  "farmersdelight:recipes/food/steak_and_potatoes": {
    "criteria": {
      "has_baked_potato": "2024-07-12 02:40:43 +0000"
    },
    "done": true
  },
  "aquaculture:recipes/decorations/birch_fish_mount": {
    "criteria": {
      "has_items": "2024-07-12 02:35:12 +0000"
    },
    "done": true
  },
  "supplementaries:recipes/flags/flag_orange": {
    "criteria": {
      "has_stick": "2024-07-12 02:39:35 +0000"
    },
    "done": true
  },
  "minecraft:story/mine_stone": {
    "criteria": {
      "get_stone": "2024-07-12 02:41:39 +0000"
    },
    "done": true
  },
  "mcwfences:recipes/prismarine": {
    "criteria": {
      "has_qq": "2024-07-12 02:35:12 +0000"
    },
    "done": true
  },
  "securitycraft:recipes/redstone/reinforced_spruce_fence_gate": {
    "criteria": {
      "has_stick": "2024-07-12 02:39:35 +0000"
    },
    "done": true
  },
  "mcwfences:recipes/mangrove": {
    "criteria": {
      "has_mangrove": "2024-07-12 02:35:12 +0000"
    },
    "done": true
  },
  "dyenamics:recipes/misc/bed/amber_bed": {
    "criteria": {
      "has_plank": "2024-07-12 02:39:08 +0000"
    },
    "done": true
  },
  "caupona:recipes/decorations/mud_kitchen_stove": {
    "criteria": {
      "has_cobblestone": "2024-07-12 02:41:39 +0000"
    },
    "done": true
  },
  "utilitarian:recipes/misc/no_soliciting/soliciting_carpets/green_soliciting_carpet": {
    "criteria": {
      "has_flower": "2024-07-12 02:35:12 +0000"
    },
    "done": true
  },
  "farmersdelight:recipes/food/cooked_bacon_from_campfire_cooking": {
    "criteria": {
      "cooked_bacon": "2024-07-12 02:41:58 +0000"
    },
    "done": true
  },
  "aquaculture:recipes/misc/brown_mushroom_from_fish": {
    "criteria": {
      "has_items": "2024-07-12 02:35:12 +0000"
    },
    "done": true
  },
  "dyenamics:recipes/misc/banner/maroon_banner": {
    "criteria": {
      "has_stick": "2024-07-12 02:39:35 +0000"
    },
    "done": true
  },
  "pneumaticcraft:recipes/misc/logistics_frame_storage": {
    "criteria": {
      "has_logistics_core": "2024-07-12 02:43:32 +0000"
    },
    "done": true
  },
  "aquaculture:recipes/tools/wooden_fillet_knife": {
    "criteria": {
      "has_items": "2024-07-12 02:39:35 +0000"
    },
    "done": true
  },
  "dyenamics:recipes/misc/bed/ultramarine_bed_frm_white_bed": {
    "criteria": {
      "has_white_bed": "2024-07-12 02:40:52 +0000"
    },
    "done": true
  },
  "minecraft:recipes/misc/charcoal": {
    "criteria": {
      "has_log": "2024-07-12 02:38:14 +0000"
    },
    "done": true
  },
  "aquaculture:recipes/misc/neptinium_ingot_from_blasting": {
    "criteria": {
      "has_leggings": "2024-07-12 02:35:12 +0000",
      "has_axe": "2024-07-12 02:35:12 +0000",
      "has_helmet": "2024-07-12 02:35:12 +0000",
      "has_fishing_rod": "2024-07-12 02:35:12 +0000",
      "has_bow": "2024-07-12 02:35:12 +0000",
      "has_chestplate": "2024-07-12 02:35:12 +0000",
      "has_sword": "2024-07-12 02:35:12 +0000",
      "has_fillet_knife": "2024-07-12 02:35:12 +0000",
      "has_shovel": "2024-07-12 02:35:12 +0000",
      "has_hoe": "2024-07-12 02:35:12 +0000",
      "has_boots": "2024-07-12 02:35:12 +0000",
      "has_pickaxe": "2024-07-12 02:35:12 +0000"
    },
    "done": true
  },
  "aquaculture:recipes/decorations/dark_oak_fish_mount": {
    "criteria": {
      "has_items": "2024-07-12 02:35:12 +0000"
    },
    "done": true
  },
  "dyenamics:recipes/misc/banner/peach_banner": {
    "criteria": {
      "has_stick": "2024-07-12 02:39:35 +0000"
    },
    "done": true
  },
  "utilitarian:recipes/misc/utility/oak_logs_to_pressure_plates": {
    "criteria": {
      "has_log": "2024-07-12 02:44:55 +0000"
    },
    "done": true
  },
  "minecraft:recipes/tools/wooden_shovel": {
    "criteria": {
      "has_stick": "2024-07-12 02:39:35 +0000"
    },
    "done": true
  },
  "additionallanterns:recipes/misc/diamond_lantern": {
    "criteria": {
      "recipe_condition": "2024-07-12 02:39:23 +0000"
    },
    "done": true
  },
  "aquaculture:recipes/food/sushi": {
    "criteria": {
      "has_alt_items": "2024-07-12 02:35:12 +0000",
      "has_items": "2024-07-12 02:35:12 +0000"
    },
    "done": true
  },
  "securitycraft:recipes/misc/reinforced_birch_fence": {
    "criteria": {
      "has_stick": "2024-07-12 02:39:35 +0000"
    },
    "done": true
  },
  "mcwtrpdoors:recipes/oak/oak_barn_trapdoor": {
    "criteria": {
      "has_logs": "2024-07-12 02:44:55 +0000"
    },
    "done": true
  },
  "mcwlights:recipes/tiki_torches": {
    "criteria": {
      "has_wood": "2024-07-12 02:39:23 +0000"
    },
    "done": true
  },
  "securitycraft:recipes/misc/sc_manual": {
    "criteria": {
      "has_wood": "2024-07-12 02:38:14 +0000"
    },
    "done": true
  },
  "tombstone:adventure/root": {
    "criteria": {
      "auto": "2024-07-12 02:31:19 +0000"
    },
    "done": true
  },
  "dyenamics:recipes/misc/bed/peach_bed": {
    "criteria": {
      "has_plank": "2024-07-12 02:39:08 +0000"
    },
    "done": true
  },
  "dyenamics:recipes/misc/banner/conifer_banner": {
    "criteria": {
      "has_stick": "2024-07-12 02:39:35 +0000"
    },
    "done": true
  },
  "lootr:1chest": {
    "criteria": {
      "opened_chest": "2024-07-12 02:40:40 +0000"
    },
    "done": true
  },
  "aquaculture:recipes/aquaculture/worm_farm": {
    "criteria": {
      "has_items": "2024-07-12 02:35:12 +0000"
    },
    "done": true
  },
  "corail_woodcutter:recipes/biomesoplenty/from_hellbark_planks": {
    "criteria": {
      "has_ingredient": "2024-07-12 02:35:12 +0000"
    },
    "done": true
  },
  "croptopia:recipes/pork_and_beans": {
    "criteria": {
      "has_pork": "2024-07-12 02:41:58 +0000"
    },
    "done": true
  },
  "undergarden:recipes/decorations/torch_ditchbulb_paste": {
    "criteria": {
      "has_stick": "2024-07-12 02:39:35 +0000"
    },
    "done": true
  },
  "forbidden_arcanus:recipes/decorations/deorum_lantern": {
    "criteria": {
      "has_torch": "2024-07-12 02:39:23 +0000"
    },
    "done": true
  },
  "aquaculture:recipes/aquaculture/note_hook": {
    "criteria": {
      "has_items": "2024-07-12 02:35:12 +0000"
    },
    "done": true
  },
  "croptopia:recipes/carnitas": {
    "criteria": {
      "has_porkchop": "2024-07-12 02:41:58 +0000"
    },
    "done": true
  },
  "securitycraft:recipes/redstone/laser_block": {
    "criteria": {
      "has_stone": "2024-07-12 02:41:39 +0000"
    },
    "done": true
  },
  "aquaculture:recipes/aquaculture/gold_hook": {
    "criteria": {
      "has_items": "2024-07-12 02:35:12 +0000"
    },
    "done": true
  },
  "forbidden_arcanus:recipes/building_blocks/edelwood_ladder": {
    "criteria": {
      "has_rods/wooden": "2024-07-12 02:39:35 +0000"
    },
    "done": true
  },
  "mcwtrpdoors:recipes/oak/oak_tropical_trapdoor": {
    "criteria": {
      "has_logs": "2024-07-12 02:44:55 +0000"
    },
    "done": true
  },
  "additionallanterns:recipes/misc/gold_lantern": {
    "criteria": {
      "recipe_condition": "2024-07-12 02:39:23 +0000"
    },
    "done": true
  },
  "create:recipes/misc/crafting/schematics/schematic_and_quill": {
    "criteria": {
      "has_item": "2024-07-12 02:43:35 +0000"
    },
    "done": true
  },
  "aquaculture:recipes/decorations/spruce_fish_mount": {
    "criteria": {
      "has_items": "2024-07-12 02:35:12 +0000"
    },
    "done": true
  },
  "biomesoplenty:biomesoplenty/all_biomes": {
    "criteria": {
      "shrubland": "2024-07-12 02:40:02 +0000",
      "rocky_shrubland": "2024-07-12 02:47:04 +0000",
      "clover_patch": "2024-07-12 02:47:05 +0000",
      "orchard": "2024-07-12 02:47:03 +0000",
      "redwood_forest": "2024-07-12 02:39:50 +0000",
      "lavender_field": "2024-07-12 02:31:19 +0000",
      "grassland": "2024-07-12 02:47:06 +0000"
    },
    "done": false
  },
  "additionallanterns:recipes/misc/bone_lantern": {
    "criteria": {
      "recipe_condition": "2024-07-12 02:39:23 +0000"
    },
    "done": true
  },
  "croptopia:recipes/shaped_bacon": {
    "criteria": {
      "has_porkchop": "2024-07-12 02:41:58 +0000"
    },
    "done": true
  },
  "dyenamics:recipes/misc/bed/maroon_bed_frm_white_bed": {
    "criteria": {
      "has_white_bed": "2024-07-12 02:40:52 +0000"
    },
    "done": true
  },
  "supplementaries:recipes/speaker_block": {
    "criteria": {
      "minecraft:planks": "2024-07-12 02:39:08 +0000"
    },
    "done": true
  },
  "dyenamics:recipes/misc/banner/spring_green_banner": {
    "criteria": {
      "has_stick": "2024-07-12 02:39:35 +0000"
    },
    "done": true
  },
  "handcrafted:recipes/misc/fox_trophy": {
    "criteria": {
      "has_fox_trophy": "2024-07-12 02:39:08 +0000"
    },
    "done": true
  },
  "securitycraft:recipes/redstone/reinforced_acacia_fence_gate": {
    "criteria": {
      "has_stick": "2024-07-12 02:39:35 +0000"
    },
    "done": true
  },
  "corail_woodcutter:recipes/biomesoplenty/from_willow_planks": {
    "criteria": {
      "has_ingredient": "2024-07-12 02:35:12 +0000"
    },
    "done": true
  },
  "dyenamics:recipes/misc/banner/ultramarine_banner": {
    "criteria": {
      "has_stick": "2024-07-12 02:39:35 +0000"
    },
    "done": true
  },
  "create:recipes/misc/crafting/materials/red_sand_paper": {
    "criteria": {
      "has_item": "2024-07-12 02:43:35 +0000"
    },
    "done": true
  },
  "handcrafted:recipes/misc/pufferfish_trophy": {
    "criteria": {
      "has_pufferfish_trophy": "2024-07-12 02:39:08 +0000"
    },
    "done": true
  },
  "mcwfences:recipes/deepslate": {
    "criteria": {
      "has_deepslate": "2024-07-12 02:35:12 +0000"
    },
    "done": true
  },
  "aether:recipes/combat/leather_chestplate_repairing": {
    "criteria": {
      "has_leather_chestplate": "2024-07-12 02:41:48 +0000"
    },
    "done": true
  },
  "corail_woodcutter:recipes/biomesoplenty/from_umbran_planks": {
    "criteria": {
      "has_ingredient": "2024-07-12 02:35:12 +0000"
    },
    "done": true
  },
  "aquaculture:recipes/food/cooked_fish_fillet": {
    "criteria": {
      "has_items": "2024-07-12 02:35:12 +0000"
    },
    "done": true
  },
  "corail_woodcutter:recipes/from_crimson_planks": {
    "criteria": {
      "has_ingredient": "2024-07-12 02:35:12 +0000"
    },
    "done": true
  },
  "biomesoplenty:recipes/building_blocks/redwood_stairs": {
    "criteria": {
      "has_planks": "2024-07-12 02:39:08 +0000"
    },
    "done": true
  },
  "supplementaries:recipes/flags/flag_light_gray": {
    "criteria": {
      "has_stick": "2024-07-12 02:39:35 +0000"
    },
    "done": true
  },
  "securitycraft:recipes/building_blocks/reinforced_andesite": {
    "criteria": {
      "has_cobblestone": "2024-07-12 02:41:39 +0000"
    },
    "done": true
  },
  "minecraft:adventure/adventuring_time": {
    "criteria": {
      "minecraft:river": "2024-07-12 02:46:46 +0000"
    },
    "done": false
  },
  "supplementaries:recipes/pulley": {
    "criteria": {
      "minecraft:planks": "2024-07-12 02:39:08 +0000"
    },
    "done": true
  },
  "minecraft:recipes/building_blocks/cobblestone_stairs_from_cobblestone_stonecutting": {
    "criteria": {
      "has_cobblestone": "2024-07-12 02:41:39 +0000"
    },
    "done": true
  },
  "minecraft:recipes/tools/stone_hoe": {
    "criteria": {
      "has_cobblestone": "2024-07-12 02:41:39 +0000"
    },
    "done": true
  },
  "minecraft:story/root": {
    "criteria": {
      "crafting_table": "2024-07-12 02:39:12 +0000"
    },
    "done": true
  },
  "biomesoplenty:recipes/misc/purple_dye_from_lavender": {
    "criteria": {
      "has_flower": "2024-07-12 02:35:12 +0000"
    },
    "done": true
  },
  "supplementaries:recipes/flags/flag_lime": {
    "criteria": {
      "has_stick": "2024-07-12 02:39:35 +0000"
    },
    "done": true
  },
  "minecraft:recipes/decorations/ladder": {
    "criteria": {
      "has_stick": "2024-07-12 02:39:35 +0000"
    },
    "done": true
  },
  "utilitarian:recipes/misc/no_soliciting/soliciting_carpets/magenta_soliciting_carpet": {
    "criteria": {
      "has_flower": "2024-07-12 02:35:12 +0000"
    },
    "done": true
  },
  "mcwwindows:recipes/diorite": {
    "criteria": {
      "has_the_recipe": "2024-07-12 02:44:55 +0000"
    },
    "done": true
  },
  "additionallanterns:recipes/misc/dark_prismarine_lantern": {
    "criteria": {
      "recipe_condition": "2024-07-12 02:39:23 +0000"
    },
    "done": true
  },
  "aquaculture:recipes/misc/neptunium_ingot_from_neptunium_block": {
    "criteria": {
      "has_items": "2024-07-12 02:35:12 +0000"
    },
    "done": true
  },
  "mcwfences:recipes/crimson": {
    "criteria": {
      "has_crimson": "2024-07-12 02:35:12 +0000"
    },
    "done": true
  },
  "minecraft:recipes/tools/wooden_axe": {
    "criteria": {
      "has_stick": "2024-07-12 02:39:35 +0000"
    },
    "done": true
  },
  "biomesoplenty:recipes/redstone/redwood_trapdoor": {
    "criteria": {
      "has_planks": "2024-07-12 02:39:08 +0000"
    },
    "done": true
  },
  "ae2wtlib:recipes/wireless_universal_terminal/upgrade_pattern_access": {
    "criteria": {
      "has_wit": "2024-07-12 02:35:12 +0000"
    },
    "done": true
  },
  "dyenamics:recipes/misc/bed/bubblegum_bed": {
    "criteria": {
      "has_plank": "2024-07-12 02:39:08 +0000"
    },
    "done": true
  },
  "travelersbackpack:recipes/misc/crafting_upgrade": {
    "criteria": {
      "has_crafting_table": "2024-07-12 02:39:12 +0000"
    },
    "done": true
  },
  "minecraft:recipes/misc/stick": {
    "criteria": {
      "has_planks": "2024-07-12 02:39:08 +0000"
    },
    "done": true
  },
  "naturalist:recipes/food/cooked_egg": {
    "criteria": {
      "has_eggs": "2024-07-12 02:35:12 +0000"
    },
    "done": true
  },
  "cfm:recipes/decorations/oak_desk_cabinet": {
    "criteria": {
      "has_log": "2024-07-12 02:44:55 +0000"
    },
    "done": true
  },
  "corail_woodcutter:recipes/from_dark_oak_planks": {
    "criteria": {
      "has_ingredient": "2024-07-12 02:35:12 +0000"
    },
    "done": true
  },
  "undergarden:recipes/decorations/gloom_o_lantern": {
    "criteria": {
      "has_torch": "2024-07-12 02:39:23 +0000"
    },
    "done": true
  },
  "biomesoplenty:recipes/redstone/redwood_fence_gate": {
    "criteria": {
      "has_planks": "2024-07-12 02:39:08 +0000"
    },
    "done": true
  },
  "utilitarian:recipes/misc/no_soliciting/soliciting_carpets/brown_soliciting_carpet": {
    "criteria": {
      "has_flower": "2024-07-12 02:35:12 +0000"
    },
    "done": true
  },
  "mcwtrpdoors:recipes/oak/oak_mystic_trapdoor": {
    "criteria": {
      "has_logs": "2024-07-12 02:44:55 +0000"
    },
    "done": true
  },
  "minecraft:recipes/misc/flower_banner_pattern": {
    "criteria": {
      "has_oxeye_daisy": "2024-07-12 02:45:19 +0000"
    },
    "done": true
  },
  "additionallanterns:recipes/misc/basalt_lantern": {
    "criteria": {
      "recipe_condition": "2024-07-12 02:39:23 +0000"
    },
    "done": true
  },
  "cfm:recipes/decorations/oak_upgraded_fence": {
    "criteria": {
      "has_log": "2024-07-12 02:44:55 +0000"
    },
    "done": true
  },
  "minecraft:recipes/decorations/campfire": {
    "criteria": {
      "has_stick": "2024-07-12 02:39:35 +0000"
    },
    "done": true
  },
  "bigreactors:recipes/misc/blasting/graphite_from_charcoal": {
    "criteria": {
      "has_item": "2024-07-12 02:48:54 +0000"
    },
    "done": true
  },
  "utilitarian:recipes/misc/no_soliciting/no_soliciting_banner": {
    "criteria": {
      "has_stick": "2024-07-12 02:39:35 +0000"
    },
    "done": true
  },
  "biomesoplenty:biomesoplenty/root": {
    "criteria": {
      "lavender_field": "2024-07-12 02:31:19 +0000"
    },
    "done": true
  },
  "dyenamics:recipes/misc/bed/conifer_bed": {
    "criteria": {
      "has_plank": "2024-07-12 02:39:08 +0000"
    },
    "done": true
  },
  "corail_woodcutter:recipes/biomesoplenty/from_mahogany_planks": {
    "criteria": {
      "has_ingredient": "2024-07-12 02:35:12 +0000"
    },
    "done": true
  },
  "mcwbridges:recipes/bridge_torch": {
    "criteria": {
      "has_planks": "2024-07-12 02:39:23 +0000"
    },
    "done": true
  },
  "additionallanterns:recipes/misc/iron_lantern": {
    "criteria": {
      "recipe_condition": "2024-07-12 02:39:23 +0000"
    },
    "done": true
  },
  "aquaculture:recipes/aquaculture/light_hook": {
    "criteria": {
      "has_items": "2024-07-12 02:35:12 +0000"
    },
    "done": true
  },
  "securitycraft:recipes/redstone/reinforced_oak_fence_gate": {
    "criteria": {
      "has_stick": "2024-07-12 02:39:35 +0000"
    },
    "done": true
  },
  "supplementaries:recipes/flags/flag_purple": {
    "criteria": {
      "has_stick": "2024-07-12 02:39:35 +0000"
    },
    "done": true
  },
  "aether:recipes/tools/iron_pickaxe_repairing": {
    "criteria": {
      "has_iron_pickaxe": "2024-07-12 02:41:59 +0000"
    },
    "done": true
  },
  "cfm:recipes/decorations/stripped_oak_desk": {
    "criteria": {
      "has_planks": "2024-07-12 02:44:55 +0000"
    },
    "done": true
  },
  "minecraft:recipes/redstone/lever": {
    "criteria": {
      "has_cobblestone": "2024-07-12 02:41:39 +0000"
    },
    "done": true
  },
  "cfm:recipes/decorations/stripped_oak_table": {
    "criteria": {
      "has_planks": "2024-07-12 02:44:55 +0000"
    },
    "done": true
  },
  "croptopia:knife": {
    "criteria": {
      "knife": "2024-07-12 02:42:01 +0000"
    },
    "done": true
  },
  "mcwwindows:recipes/oak": {
    "criteria": {
      "has_wood": "2024-07-12 02:44:55 +0000",
      "has_the_recipe": "2024-07-12 02:44:55 +0000"
    },
    "done": true
  },
  "supplementaries:recipes/flags/flag_gray": {
    "criteria": {
      "has_stick": "2024-07-12 02:39:35 +0000"
    },
    "done": true
  },
  "domum_ornamentum:recipes/tools/white_paper_extra": {
    "criteria": {
      "has_material": "2024-07-12 02:43:35 +0000"
    },
    "done": true
  },
  "cfm:recipes/decorations/oak_chair": {
    "criteria": {
      "has_log": "2024-07-12 02:44:55 +0000"
    },
    "done": true
  },
  "minecraft:recipes/decorations/smoker": {
    "criteria": {
      "has_furnace": "2024-07-12 02:43:47 +0000"
    },
    "done": true
  },
  "supplementaries:recipes/checker": {
    "criteria": {
      "has_cobblestone": "2024-07-12 02:41:39 +0000"
    },
    "done": true
  },
  "immersiveengineering:recipes/misc/crafting/blueprint_components": {
    "criteria": {
      "has_paper": "2024-07-12 02:43:35 +0000"
    },
    "done": true
  },
  "twigs:recipes/cobblestone_bricks/cobblestone_bricks": {
    "criteria": {
      "has_item": "2024-07-12 02:41:39 +0000"
    },
    "done": true
  },
  "biomesoplenty:recipes/decorations/redwood_fence": {
    "criteria": {
      "has_planks": "2024-07-12 02:39:08 +0000"
    },
    "done": true
  },
  "aquaculture:recipes/aquaculture/fishing_line": {
    "criteria": {
      "has_items": "2024-07-12 02:35:12 +0000"
    },
    "done": true
  },
  "supplementaries:recipes/daub_brace": {
    "criteria": {
      "forge:rods/wooden": "2024-07-12 02:39:35 +0000"
    },
    "done": true
  },
  "mcwwindows:recipes/granite": {
    "criteria": {
      "has_the_recipe": "2024-07-12 02:44:55 +0000"
    },
    "done": true
  },
  "pneumaticcraft:recipes/misc/logistics_frame_default_storage": {
    "criteria": {
      "has_logistics_core": "2024-07-12 02:43:32 +0000"
    },
    "done": true
  },
  "dyenamics:recipes/misc/bed/persimmon_bed": {
    "criteria": {
      "has_plank": "2024-07-12 02:39:08 +0000"
    },
    "done": true
  },
  "domum_ornamentum:recipes/tools/paper_extra": {
    "criteria": {
      "has_material": "2024-07-12 02:43:35 +0000"
    },
    "done": true
  },
  "additionallanterns:recipes/misc/deepslate_bricks_lantern": {
    "criteria": {
      "recipe_condition": "2024-07-12 02:39:23 +0000"
    },
    "done": true
  },
  "cfm:recipes/decorations/oak_cabinet": {
    "criteria": {
      "has_log": "2024-07-12 02:44:55 +0000"
    },
    "done": true
  },
  "aquaculture:recipes/tools/stone_fillet_knife": {
    "criteria": {
      "has_items": "2024-07-12 02:41:39 +0000"
    },
    "done": true
  },
  "dyenamics:recipes/misc/bed/ultramarine_bed": {
    "criteria": {
      "has_plank": "2024-07-12 02:39:08 +0000"
    },
    "done": true
  },
  "supplementaries:recipes/crank": {
    "criteria": {
      "forge:rods/wooden": "2024-07-12 02:39:35 +0000"
    },
    "done": true
  },
  "supplementaries:recipes/soap": {
    "criteria": {
      "has_porkchop": "2024-07-12 02:41:58 +0000"
    },
    "done": true
  },
  "mcwtrpdoors:recipes/oak/oak_swamp_trapdoor": {
    "criteria": {
      "has_logs": "2024-07-12 02:44:55 +0000"
    },
    "done": true
  },
  "mcwfences:recipes/quartz": {
    "criteria": {
      "has_qq": "2024-07-12 02:35:12 +0000"
    },
    "done": true
  },
  "repurposed_structures:root": {
    "criteria": {
      "always": "2024-07-12 02:31:18 +0000"
    },
    "done": true
  },
  "naturescompass:natures_compass": {
    "criteria": {
      "has_recipe": "2024-07-12 02:38:14 +0000"
    },
    "done": true
  },
  "corail_woodcutter:recipes/biomesoplenty/from_palm_planks": {
    "criteria": {
      "has_ingredient": "2024-07-12 02:35:12 +0000"
    },
    "done": true
  },
  "aquaculture:recipes/misc/gold_nugget_from_smelting": {
    "criteria": {
      "has_fishing_rod": "2024-07-12 02:35:12 +0000",
      "has_fillet_knife": "2024-07-12 02:35:12 +0000"
    },
    "done": true
  },
  "aquaculture:recipes/misc/bonemeal_from_fish_bones": {
    "criteria": {
      "has_items": "2024-07-12 02:35:12 +0000"
    },
    "done": true
  },
  "mcwwindows:recipes/birch": {
    "criteria": {
      "has_the_recipe": "2024-07-12 02:44:55 +0000"
    },
    "done": true
  },
  "dyenamics:recipes/misc/bed/lavender_bed_frm_white_bed": {
    "criteria": {
      "has_white_bed": "2024-07-12 02:40:52 +0000"
    },
    "done": true
  },
  "dyenamics:recipes/misc/bed/mint_bed": {
    "criteria": {
      "has_plank": "2024-07-12 02:39:08 +0000"
    },
    "done": true
  },
  "lootr:social": {
    "criteria": {
      "opened_barrel": "2024-07-12 02:48:42 +0000",
      "opened_chest": "2024-07-12 02:40:40 +0000"
    },
    "done": false
  },
  "utilitarian:recipes/misc/no_soliciting/soliciting_carpets/light_gray_soliciting_carpet": {
    "criteria": {
      "has_flower": "2024-07-12 02:35:12 +0000"
    },
    "done": true
  },
  "supplementaries:recipes/flags/flag_pink": {
    "criteria": {
      "has_stick": "2024-07-12 02:39:35 +0000"
    },
    "done": true
  },
  "minecraft:recipes/tools/stone_pickaxe": {
    "criteria": {
      "has_cobblestone": "2024-07-12 02:41:39 +0000"
    },
    "done": true
  },
  "dungeons_arise:wda_root": {
    "criteria": {
      "WDA": "2024-07-12 02:31:18 +0000"
    },
    "done": true
  },
  "supplementaries:recipes/timber_frame": {
    "criteria": {
      "forge:rods/wooden": "2024-07-12 02:39:35 +0000"
    },
    "done": true
  },
  "mcwfences:recipes/spruce": {
    "criteria": {
      "has_spruce": "2024-07-12 02:35:12 +0000"
    },
    "done": true
  },
  "minecraft:recipes/tools/wooden_hoe": {
    "criteria": {
      "has_stick": "2024-07-12 02:39:35 +0000"
    },
    "done": true
  },
  "pneumaticcraft:recipes/misc/logistics_frame_requester": {
    "criteria": {
      "has_logistics_core": "2024-07-12 02:43:32 +0000"
    },
    "done": true
  },
  "botania:recipes/tools/lexicon": {
    "criteria": {
      "has_item": "2024-07-12 02:44:04 +0000"
    },
    "done": true
  },
  "securitycraft:recipes/misc/sonic_security_system": {
    "criteria": {
      "has_stick": "2024-07-12 02:39:35 +0000"
    },
    "done": true
  },
  "naturescompass:natures_compass_log": {
    "criteria": {
      "has_log": "2024-07-12 02:38:14 +0000"
    },
    "done": true
  },
  "enderio:recipes/misc/wood_gear_corner": {
    "criteria": {
      "has_ingredient": "2024-07-12 02:39:35 +0000"
    },
    "done": true
  },
  "cfm:recipes/decorations/oak_desk": {
    "criteria": {
      "has_log": "2024-07-12 02:44:55 +0000"
    },
    "done": true
  },
  "dyenamics:recipes/misc/bed/fluorescent_bed": {
    "criteria": {
      "has_plank": "2024-07-12 02:39:08 +0000"
    },
    "done": true
  },
  "alchemistry:recipes/dissolver/stick": {
    "criteria": {
      "has_the_recipe": "2024-07-12 02:39:08 +0000"
    },
    "done": true
  },
  "minecraft:recipes/food/cooked_porkchop_from_grill_cooking": {
    "criteria": {
      "has_porkchop": "2024-07-12 02:41:58 +0000"
    },
    "done": true
  },
  "pneumaticcraft:recipes/misc/logistics_frame_active_provider": {
    "criteria": {
      "has_logistics_core": "2024-07-12 02:43:32 +0000"
    },
    "done": true
  },
  "dyenamics:recipes/misc/banner/lavender_banner": {
    "criteria": {
      "has_stick": "2024-07-12 02:39:35 +0000"
    },
    "done": true
  },
  "allthecompressed:recipes/building_blocks/compress/oak_log_1x": {
    "criteria": {
      "has_oak_log": "2024-07-12 02:44:55 +0000"
    },
    "done": true
  },
  "additionallanterns:recipes/misc/obsidian_lantern": {
    "criteria": {
      "recipe_condition": "2024-07-12 02:39:23 +0000"
    },
    "done": true
  },
  "mcwfurnitures:recipes/oak": {
    "criteria": {
      "has_wood": "2024-07-12 02:44:55 +0000"
    },
    "done": true
  },
  "aquaculture:recipes/aquaculture/diamond_hook": {
    "criteria": {
      "has_items": "2024-07-12 02:35:12 +0000"
    },
    "done": true
  },
  "aether:recipes/combat/stone_sword_repairing": {
    "criteria": {
      "has_stone_sword": "2024-07-12 02:48:15 +0000"
    },
    "done": true
  },
  "minecraft:recipes/decorations/barrel": {
    "criteria": {
      "has_planks": "2024-07-12 02:39:08 +0000"
    },
    "done": true
  },
  "minecraft:recipes/building_blocks/oak_wood": {
    "criteria": {
      "has_log": "2024-07-12 02:44:55 +0000"
    },
    "done": true
  },
  "ae2wtlib:recipes/quantum_bridge_card": {
    "criteria": {
      "has_wit": "2024-07-12 02:35:12 +0000",
      "has_wpt": "2024-07-12 02:35:12 +0000",
      "has_wct": "2024-07-12 02:35:12 +0000"
    },
    "done": true
  },
  "cfm:recipes/decorations/stripped_oak_crate": {
    "criteria": {
      "has_planks": "2024-07-12 02:44:55 +0000"
    },
    "done": true
  },
  "ae2:recipes/misc/network/blocks/crank": {
    "criteria": {
      "has_stick": "2024-07-12 02:39:35 +0000"
    },
    "done": true
  },
  "dyenamics:recipes/misc/bed/cherenkov_bed": {
    "criteria": {
      "has_plank": "2024-07-12 02:39:08 +0000"
    },
    "done": true
  },
  "aether:recipes/combat/leather_leggings_repairing": {
    "criteria": {
      "has_leather_leggings": "2024-07-12 02:41:48 +0000"
    },
    "done": true
  },
  "aquaculture:recipes/food/cooked_fish_fillet_from_campfire": {
    "criteria": {
      "has_items": "2024-07-12 02:35:12 +0000"
    },
    "done": true
  },
  "minecolonies:recipes/misc/shapetool": {
    "criteria": {
      "has_stick": "2024-07-12 02:39:35 +0000"
    },
    "done": true
  },
  "farmersdelight:recipes/cooking/noodle_soup": {
    "criteria": {
      "has_any_ingredient": "2024-07-12 02:41:58 +0000"
    },
    "done": true
  },
  "undergarden:recipes/decorations/undergarden_scaffolding": {
    "criteria": {
      "has_stick": "2024-07-12 02:39:35 +0000"
    },
    "done": true
  },
  "mcwwindows:recipes/blackstone": {
    "criteria": {
      "has_the_recipe": "2024-07-12 02:44:55 +0000"
    },
    "done": true
  },
  "utilitarian:recipes/food/utility/charcoal_from_campfire": {
    "criteria": {
      "has_logs": "2024-07-12 02:38:14 +0000"
    },
    "done": true
  },
  "dyenamics:recipes/misc/bed/wine_bed_frm_white_bed": {
    "criteria": {
      "has_white_bed": "2024-07-12 02:40:52 +0000"
    },
    "done": true
  },
  "securitycraft:recipes/misc/reinforced_jungle_fence": {
    "criteria": {
      "has_stick": "2024-07-12 02:39:35 +0000"
    },
    "done": true
  },
  "pneumaticcraft:pressure_tube": {
    "criteria": {
      "0": "2024-07-12 02:43:33 +0000"
    },
    "done": true
  },
  "minecraft:recipes/food/cooked_porkchop_from_campfire_cooking": {
    "criteria": {
      "has_porkchop": "2024-07-12 02:41:58 +0000"
    },
    "done": true
  },
  "mcwfences:recipes/mud_brick": {
    "criteria": {
      "has_qq": "2024-07-12 02:35:12 +0000"
    },
    "done": true
  },
  "supplementaries:recipes/sconce": {
    "criteria": {
      "has_torch": "2024-07-12 02:39:23 +0000"
    },
    "done": true
  },
  "dyenamics:recipes/misc/bed/aquamarine_bed": {
    "criteria": {
      "has_plank": "2024-07-12 02:39:08 +0000"
    },
    "done": true
  },
  "mcwtrpdoors:recipes/print_classic": {
    "criteria": {
      "has_logs": "2024-07-12 02:44:55 +0000"
    },
    "done": true
  },
  "cfm:recipes/decorations/stripped_oak_park_bench": {
    "criteria": {
      "has_log": "2024-07-12 02:44:55 +0000"
    },
    "done": true
  },
  "supplementaries:recipes/decorations/biomesoplenty/sign_post_redwood": {
    "criteria": {
      "has_planks": "2024-07-12 02:39:08 +0000"
    },
    "done": true
  },
  "additionallanterns:recipes/misc/cobblestone_chain": {
    "criteria": {
      "recipe_condition": "2024-07-12 02:41:39 +0000"
    },
    "done": true
  },
  "additionallanterns:recipes/misc/quartz_lantern": {
    "criteria": {
      "recipe_condition": "2024-07-12 02:39:23 +0000"
    },
    "done": true
  },
  "aquaculture:recipes/misc/gold_nugget_from_blasting": {
    "criteria": {
      "has_fishing_rod": "2024-07-12 02:35:12 +0000",
      "has_fillet_knife": "2024-07-12 02:35:12 +0000"
    },
    "done": true
  },
  "domum_ornamentum:recipes/tools/green_cobblestone_extra": {
    "criteria": {
      "has_material": "2024-07-12 02:41:39 +0000"
    },
    "done": true
  },
  "mcwroofs:recipes/oak": {
    "criteria": {
      "has_planks": "2024-07-12 02:44:55 +0000"
    },
    "done": true
  },
  "energymeter:recipes/energymeter/meter": {
    "criteria": {
      "has_item": "2024-07-12 02:35:12 +0000"
    },
    "done": true
  },
  "minecraft:recipes/misc/eye_armor_trim_smithing_template": {
    "criteria": {
      "has_eye_armor_trim_smithing_template": "2024-07-12 02:43:33 +0000"
    },
    "done": true
  },
  "mcwtrpdoors:recipes/oak/oak_ranch_trapdoor": {
    "criteria": {
      "has_logs": "2024-07-12 02:44:55 +0000"
    },
    "done": true
  },
  "railcraft:grant_book_on_first_join": {
    "criteria": {
      "tick": "2024-07-12 02:31:18 +0000"
    },
    "done": true
  },
  "aether:recipes/decorations/skyroot_chest": {
    "criteria": {
      "has_lots_of_items": "2024-07-12 02:41:02 +0000"
    },
    "done": true
  },
  "rftoolsbuilder:recipes/rftoolsbuilder/vehicle_status_module": {
    "criteria": {
      "paper": "2024-07-12 02:43:35 +0000"
    },
    "done": true
  },
  "pneumaticcraft:recipes/misc/logistics_frame_passive_provider": {
    "criteria": {
      "has_logistics_core": "2024-07-12 02:43:32 +0000"
    },
    "done": true
  },
  "mcwwindows:recipes/acacia": {
    "criteria": {
      "has_the_recipe": "2024-07-12 02:44:55 +0000"
    },
    "done": true
  },
  "minecraft:recipes/misc/light_gray_dye_from_oxeye_daisy": {
    "criteria": {
      "has_oxeye_daisy": "2024-07-12 02:45:19 +0000"
    },
    "done": true
  },
  "aquaculture:recipes/misc/neptunium_ingot_from_nuggets": {
    "criteria": {
      "has_items": "2024-07-12 02:35:12 +0000"
    },
    "done": true
  },
  "occultism:occultism/root": {
    "criteria": {
      "occultism_present": "2024-07-12 02:31:18 +0000"
    },
    "done": true
  },
  "aether:recipes/combat/chainmail_leggings_repairing": {
    "criteria": {
      "has_chainmail_leggings": "2024-07-12 02:43:33 +0000"
    },
    "done": true
  },
  "domum_ornamentum:recipes/tools/purple_cobblestone_extra": {
    "criteria": {
      "has_material": "2024-07-12 02:41:39 +0000"
    },
    "done": true
  },
  "additionallanterns:recipes/misc/blackstone_lantern": {
    "criteria": {
      "recipe_condition": "2024-07-12 02:39:23 +0000"
    },
    "done": true
  },
  "aquaculture:recipes/decorations/jungle_fish_mount": {
    "criteria": {
      "has_items": "2024-07-12 02:35:12 +0000"
    },
    "done": true
  },
  "dyenamics:recipes/misc/banner/navy_banner": {
    "criteria": {
      "has_stick": "2024-07-12 02:39:35 +0000"
    },
    "done": true
  },
  "cfm:recipes/decorations/oak_coffee_table": {
    "criteria": {
      "has_log": "2024-07-12 02:44:55 +0000"
    },
    "done": true
  },
  "immersiveengineering:recipes/misc/crafting/blueprint_bannerpatterns": {
    "criteria": {
      "has_paper": "2024-07-12 02:43:35 +0000"
    },
    "done": true
  },
  "alchemistry:recipes/dissolver/stone": {
    "criteria": {
      "has_the_recipe": "2024-07-12 02:41:39 +0000"
    },
    "done": true
  },
  "minecraft:recipes/decorations/crafting_table": {
    "criteria": {
      "unlock_right_away": "2024-07-12 02:31:18 +0000"
    },
    "done": true
  },
  "rftoolsbuilder:recipes/rftoolsbuilder/vehicle_card": {
    "criteria": {
      "paper": "2024-07-12 02:43:35 +0000"
    },
    "done": true
  },
  "dyenamics:recipes/misc/banner/bubblegum_banner": {
    "criteria": {
      "has_stick": "2024-07-12 02:39:35 +0000"
    },
    "done": true
  },
  "twigs:recipes/cobblestone_bricks/cobblestone_brick_stairs_from_cobblestone_stonecutting": {
    "criteria": {
      "has_item": "2024-07-12 02:41:39 +0000"
    },
    "done": true
  },
  "irons_spellbooks:grant_patchouli": {
    "criteria": {
      "tick": "2024-07-12 02:31:18 +0000"
    },
    "done": true
  },
  "utilitix:recipes/misc/directional_highspeed_rail": {
    "criteria": {
      "criterion1": "2024-07-12 02:39:35 +0000"
    },
    "done": true
  },
  "framedblocks:recipes/building_blocks/framed_cube": {
    "criteria": {
      "hasPlanks": "2024-07-12 02:39:08 +0000"
    },
    "done": true
  },
  "enderio:recipes/misc/stone_gear": {
    "criteria": {
      "has_ingredient": "2024-07-12 02:41:39 +0000"
    },
    "done": true
  },
  "ae2wtlib:recipes/wireless_universal_terminal/upgrade_crafting": {
    "criteria": {
      "has_wct": "2024-07-12 02:35:12 +0000"
    },
    "done": true
  },
  "supplementaries:recipes/decorations/gtceu/sign_post_rubber": {
    "criteria": {
      "has_planks": "2024-07-12 02:47:49 +0000"
    },
    "done": true
  },
  "railcraft:recipes/coke_oven/charcoal": {
    "criteria": {
      "has_logs": "2024-07-12 02:38:14 +0000"
    },
    "done": true
  },
  "mcwwindows:recipes/spruce": {
    "criteria": {
      "has_the_recipe": "2024-07-12 02:44:55 +0000"
    },
    "done": true
  },
  "supplementaries:recipes/turn_table": {
    "criteria": {
      "minecraft:planks": "2024-07-12 02:39:08 +0000"
    },
    "done": true
  },
  "minecraft:recipes/building_blocks/cobblestone_slab": {
    "criteria": {
      "has_cobblestone": "2024-07-12 02:41:39 +0000"
    },
    "done": true
  },
  "minecraft:recipes/combat/wooden_sword": {
    "criteria": {
      "has_stick": "2024-07-12 02:39:35 +0000"
    },
    "done": true
  },
  "supplementaries:recipes/flags/flag_green": {
    "criteria": {
      "has_stick": "2024-07-12 02:39:35 +0000"
    },
    "done": true
  },
  "aether:recipes/decorations/skyroot_cartography_table": {
    "criteria": {
      "has_paper": "2024-07-12 02:43:35 +0000"
    },
    "done": true
  },
  "utilitarian:recipes/misc/no_soliciting/soliciting_carpets/lime_soliciting_carpet": {
    "criteria": {
      "has_flower": "2024-07-12 02:35:12 +0000"
    },
    "done": true
  },
  "silentgear:recipes/misc/blueprint_paper": {
    "criteria": {
      "has_paper": "2024-07-12 02:43:35 +0000"
    },
    "done": true
  },
  "additionallanterns:recipes/misc/cobblestone_lantern": {
    "criteria": {
      "recipe_condition": "2024-07-12 02:39:23 +0000"
    },
    "done": true
  },
  "alchemistry:recipes/dissolver/cooked_porkchop": {
    "criteria": {
      "has_the_recipe": "2024-07-12 02:41:58 +0000"
    },
    "done": true
  },
  "mcwroofs:recipes/cobblestone": {
    "criteria": {
      "has_planks": "2024-07-12 02:41:39 +0000"
    },
    "done": true
  },
  "handcrafted:recipes/misc/blaze_trophy": {
    "criteria": {
      "has_blaze_trophy": "2024-07-12 02:39:08 +0000"
    },
    "done": true
  },
  "supplementaries:recipes/flags/flag_white": {
    "criteria": {
      "has_stick": "2024-07-12 02:39:35 +0000"
    },
    "done": true
  },
  "handcrafted:recipes/misc/wolf_trophy": {
    "criteria": {
      "has_wolf_trophy": "2024-07-12 02:39:08 +0000"
    },
    "done": true
  },
  "mcwfences:recipes/stone": {
    "criteria": {
      "has_stone": "2024-07-12 02:35:12 +0000"
    },
    "done": true
  },
  "cfm:recipes/decorations/stripped_oak_kitchen_counter": {
    "criteria": {
      "has_log": "2024-07-12 02:44:55 +0000"
    },
    "done": true
  },
  "utilitix:recipes/misc/directional_rail": {
    "criteria": {
      "criterion1": "2024-07-12 02:39:35 +0000"
    },
    "done": true
  },
  "minecraft:story/iron_tools": {
    "criteria": {
      "iron_pickaxe": "2024-07-12 02:41:59 +0000"
    },
    "done": true
  },
  "utilitarian:recipes/misc/no_soliciting/soliciting_carpets/purple_soliciting_carpet": {
    "criteria": {
      "has_flower": "2024-07-12 02:35:12 +0000"
    },
    "done": true
  },
  "croptopia:recipes/cheeseburger": {
    "criteria": {
      "has_bread": "2024-07-12 02:40:51 +0000"
    },
    "done": true
  },
  "undergarden:recipes/decorations/shard_torch": {
    "criteria": {
      "has_stick": "2024-07-12 02:39:35 +0000"
    },
    "done": true
  },
  "dyenamics:recipes/misc/bed/amber_bed_frm_white_bed": {
    "criteria": {
      "has_white_bed": "2024-07-12 02:40:52 +0000"
    },
    "done": true
  },
  "aquaculture:recipes/aquaculture/double_hook": {
    "criteria": {
      "has_items": "2024-07-12 02:35:12 +0000"
    },
    "done": true
  },
  "twigs:recipes/cobblestone_bricks/cobblestone_bricks_stonecutting": {
    "criteria": {
      "has_item": "2024-07-12 02:41:39 +0000"
    },
    "done": true
  },
  "mcwfences:recipes/hedge": {
    "criteria": {
      "has_birch": "2024-07-12 02:35:12 +0000"
    },
    "done": true
  },
  "securitycraft:recipes/redstone/reinforced_cherry_fence_gate": {
    "criteria": {
      "has_stick": "2024-07-12 02:39:35 +0000"
    },
    "done": true
  },
  "utilitarian:recipes/misc/no_soliciting/soliciting_carpets/red_soliciting_carpet": {
    "criteria": {
      "has_flower": "2024-07-12 02:35:12 +0000"
    },
    "done": true
  },
  "aquaculture:recipes/aquaculture/iron_hook": {
    "criteria": {
      "has_items": "2024-07-12 02:35:12 +0000"
    },
    "done": true
  },
  "aether:recipes/combat/iron_leggings_repairing": {
    "criteria": {
      "has_iron_leggings": "2024-07-12 02:48:50 +0000"
    },
    "done": true
  },
  "aquaculture:recipes/misc/jellyfish_to_slimeball": {
    "criteria": {
      "has_items": "2024-07-12 02:35:12 +0000"
    },
    "done": true
  },
  "dyenamics:recipes/misc/bed/persimmon_bed_frm_white_bed": {
    "criteria": {
      "has_white_bed": "2024-07-12 02:40:52 +0000"
    },
    "done": true
  },
  "dyenamics:recipes/misc/banner/honey_banner": {
    "criteria": {
      "has_stick": "2024-07-12 02:39:35 +0000"
    },
    "done": true
  },
  "mcwwindows:recipes/mangrove": {
    "criteria": {
      "has_the_recipe": "2024-07-12 02:44:55 +0000"
    },
    "done": true
  },
  "usefulrailroads:recipes/fuel/track_builder/coals": {
    "criteria": {
      "has_ingredient": "2024-07-12 02:48:54 +0000"
    },
    "done": true
  },
  "mcwbridges:recipes/cobblestone_bridge_pier": {
    "criteria": {
      "has_planks": "2024-07-12 02:41:39 +0000"
    },
    "done": true
  },
  "minecraft:recipes/tools/wooden_pickaxe": {
    "criteria": {
      "has_stick": "2024-07-12 02:39:35 +0000"
    },
    "done": true
  },
  "securitycraft:recipes/redstone/reinforced_mangrove_fence_gate": {
    "criteria": {
      "has_stick": "2024-07-12 02:39:35 +0000"
    },
    "done": true
  },
  "dyenamics:recipes/misc/bed/cherenkov_bed_frm_white_bed": {
    "criteria": {
      "has_white_bed": "2024-07-12 02:40:52 +0000"
    },
    "done": true
  },
  "utilitarian:recipes/misc/utility/oak_logs_to_slabs": {
    "criteria": {
      "has_log": "2024-07-12 02:44:55 +0000"
    },
    "done": true
  },
  "mcwwindows:recipes/prismarine": {
    "criteria": {
      "has_the_recipe": "2024-07-12 02:44:55 +0000"
    },
    "done": true
  },
  "securitycraft:recipes/redstone/reinforced_crimson_fence_gate": {
    "criteria": {
      "has_stick": "2024-07-12 02:39:35 +0000"
    },
    "done": true
  },
  "farmersdelight:recipes/cooking/rabbit_stew": {
    "criteria": {
      "has_any_ingredient": "2024-07-12 02:40:43 +0000"
    },
    "done": true
  },
  "twigs:recipes/cobblestone_bricks/cobblestone_brick_wall_from_cobblestone_stonecutting": {
    "criteria": {
      "has_item": "2024-07-12 02:41:39 +0000"
    },
    "done": true
  },
  "mcwwindows:recipes/dark_oak": {
    "criteria": {
      "has_the_recipe": "2024-07-12 02:44:55 +0000"
    },
    "done": true
  },
  "minecraft:recipes/decorations/furnace": {
    "criteria": {
      "has_cobblestone": "2024-07-12 02:41:39 +0000"
    },
    "done": true
  },
  "immersiveengineering:recipes/misc/crafting/torch": {
    "criteria": {
      "has_stick": "2024-07-12 02:39:35 +0000"
    },
    "done": true
  },
  "allthecompressed:recipes/building_blocks/compress/cobblestone_1x": {
    "criteria": {
      "has_cobblestone": "2024-07-12 02:41:39 +0000"
    },
    "done": true
  },
  "securitycraft:recipes/building_blocks/reinforced_andesite_with_vanilla_diorite": {
    "criteria": {
      "has_cobblestone": "2024-07-12 02:41:39 +0000"
    },
    "done": true
  },
  "additionallanterns:recipes/misc/emerald_lantern": {
    "criteria": {
      "recipe_condition": "2024-07-12 02:39:23 +0000"
    },
    "done": true
  },
  "mcwwindows:recipes/components": {
    "criteria": {
      "has_wood": "2024-07-12 02:44:55 +0000"
    },
    "done": true
  },
  "domum_ornamentum:recipes/tools/architectscutter": {
    "criteria": {
      "has_log": "2024-07-12 02:38:14 +0000"
    },
    "done": true
  },
  "corail_woodcutter:recipes/biomesoplenty/from_redwood_planks": {
    "criteria": {
      "has_ingredient": "2024-07-12 02:35:12 +0000"
    },
    "done": true
  },
  "securitycraft:recipes/misc/reinforced_acacia_fence": {
    "criteria": {
      "has_stick": "2024-07-12 02:39:35 +0000"
    },
    "done": true
  },
  "utilitarian:recipes/misc/no_soliciting/soliciting_carpets/blue_soliciting_carpet": {
    "criteria": {
      "has_flower": "2024-07-12 02:35:12 +0000"
    },
    "done": true
  },
  "handcrafted:recipes/misc/silverfish_trophy": {
    "criteria": {
      "has_silverfish_trophy": "2024-07-12 02:39:08 +0000"
    },
    "done": true
  },
  "mcwtrpdoors:recipes/oak/oak_glass_trapdoor": {
    "criteria": {
      "has_logs": "2024-07-12 02:44:55 +0000"
    },
    "done": true
  },
  "mcwwindows:recipes/cherry": {
    "criteria": {
      "has_the_recipe": "2024-07-12 02:44:55 +0000"
    },
    "done": true
  },
  "additionallanterns:recipes/misc/andesite_lantern": {
    "criteria": {
      "recipe_condition": "2024-07-12 02:39:23 +0000"
    },
    "done": true
  },
  "pneumaticcraft:recipes/misc/tube_junction": {
    "criteria": {
      "has_pressure_tube": "2024-07-12 02:43:33 +0000"
    },
    "done": true
  },
  "utilitarian:recipes/misc/utility/logs_to_bowls": {
    "criteria": {
      "has_log": "2024-07-12 02:38:14 +0000"
    },
    "done": true
  },
  "dyenamics:recipes/misc/bed/mint_bed_frm_white_bed": {
    "criteria": {
      "has_white_bed": "2024-07-12 02:40:52 +0000"
    },
    "done": true
  },
  "ae2wtlib:recipes/wireless_universal_terminal/upgrade_pattern_encoding": {
    "criteria": {
      "has_wpt": "2024-07-12 02:35:12 +0000"
    },
    "done": true
  },
  "immersiveengineering:recipes/misc/crafting/blueprint_bullets": {
    "criteria": {
      "has_paper": "2024-07-12 02:43:35 +0000"
    },
    "done": true
  },
  "domum_ornamentum:recipes/tools/cobblestone_extra": {
    "criteria": {
      "has_material": "2024-07-12 02:41:39 +0000"
    },
    "done": true
  },
  "corail_woodcutter:recipes/from_bamboo_mosaic": {
    "criteria": {
      "has_ingredient": "2024-07-12 02:35:12 +0000"
    },
    "done": true
  },
  "dyenamics:recipes/misc/banner/cherenkov_banner": {
    "criteria": {
      "has_stick": "2024-07-12 02:39:35 +0000"
    },
    "done": true
  },
  "apotheosis:affix/gem": {
    "criteria": {
      "gem": "2024-07-12 02:48:58 +0000"
    },
    "done": true
  },
  "dyenamics:recipes/misc/bed/icy_blue_bed": {
    "criteria": {
      "has_plank": "2024-07-12 02:39:08 +0000"
    },
    "done": true
  },
  "pneumaticcraft:recipes/misc/paper_from_tag_filter": {
    "criteria": {
      "has_paper": "2024-07-12 02:43:35 +0000"
    },
    "done": true
  },
  "additionallanterns:recipes/misc/diorite_lantern": {
    "criteria": {
      "recipe_condition": "2024-07-12 02:39:23 +0000"
    },
    "done": true
  },
  "supplementaries:recipes/clock_block": {
    "criteria": {
      "minecraft:planks": "2024-07-12 02:39:08 +0000"
    },
    "done": true
  },
  "utilitix:recipes/misc/hand_bell": {
    "criteria": {
      "criterion0": "2024-07-12 02:39:35 +0000"
    },
    "done": true
  },
  "mcwtrpdoors:recipes/oak/oak_cottage_trapdoor": {
    "criteria": {
      "has_logs": "2024-07-12 02:44:55 +0000"
    },
    "done": true
  },
  "farmersdelight:main/craft_knife": {
    "criteria": {
      "flint_knife": "2024-07-12 02:42:01 +0000"
    },
    "done": true
  },
  "twigs:recipes/paper_lanterns/paper_lantern": {
    "criteria": {
      "has_item": "2024-07-12 02:43:35 +0000"
    },
    "done": true
  },
  "utilitarian:recipes/misc/utility/oak_logs_to_doors": {
    "criteria": {
      "has_log": "2024-07-12 02:44:55 +0000"
    },
    "done": true
  },
  "utilitix:recipes/misc/comparator_redirector_up": {
    "criteria": {
      "criterion1": "2024-07-12 02:41:39 +0000"
    },
    "done": true
  },
  "aquaculture:recipes/building_blocks/planks_from_driftwood": {
    "criteria": {
      "has_items": "2024-07-12 02:35:12 +0000"
    },
    "done": true
  },
  "travelersbackpack:recipes/misc/pig": {
    "criteria": {
      "has_porkchop": "2024-07-12 02:41:58 +0000"
    },
    "done": true
  },
  "dyenamics:recipes/misc/bed/navy_bed": {
    "criteria": {
      "has_plank": "2024-07-12 02:39:08 +0000"
    },
    "done": true
  },
  "minecraft:recipes/tools/stone_shovel": {
    "criteria": {
      "has_cobblestone": "2024-07-12 02:41:39 +0000"
    },
    "done": true
  },
  "croptopia:recipes/food/toast_from_bread": {
    "criteria": {
      "has_bread": "2024-07-12 02:40:51 +0000"
    },
    "done": true
  },
  "mcwwindows:recipes/jungle": {
    "criteria": {
      "has_the_recipe": "2024-07-12 02:44:55 +0000"
    },
    "done": true
  },
  "silentgear:recipes/misc/upgrade_base": {
    "criteria": {
      "has_item": "2024-07-12 02:39:08 +0000"
    },
    "done": true
  },
  "dyenamics:recipes/misc/banner/fluorescent_banner": {
    "criteria": {
      "has_stick": "2024-07-12 02:39:35 +0000"
    },
    "done": true
  },
  "additionallanterns:recipes/misc/cobbled_deepslate_lantern": {
    "criteria": {
      "recipe_condition": "2024-07-12 02:39:23 +0000"
    },
    "done": true
  },
  "additionallanterns:recipes/misc/crimson_lantern": {
    "criteria": {
      "recipe_condition": "2024-07-12 02:39:23 +0000"
    },
    "done": true
  },
  "alchemistry:recipes/dissolver/crafting_table": {
    "criteria": {
      "has_the_recipe": "2024-07-12 02:31:18 +0000"
    },
    "done": true
  },
  "minecraft:recipes/misc/book": {
    "criteria": {
      "has_paper": "2024-07-12 02:43:35 +0000"
    },
    "done": true
  },
  "cfm:recipes/decorations/oak_bedside_cabinet": {
    "criteria": {
      "has_log": "2024-07-12 02:44:55 +0000"
    },
    "done": true
  },
  "corail_woodcutter:recipes/from_cherry_planks": {
    "criteria": {
      "has_ingredient": "2024-07-12 02:35:12 +0000"
    },
    "done": true
  },
  "cfm:recipes/decorations/stripped_oak_bedside_cabinet": {
    "criteria": {
      "has_planks": "2024-07-12 02:44:55 +0000"
    },
    "done": true
  },
  "utilitarian:recipes/misc/no_soliciting/soliciting_carpets/pink_soliciting_carpet": {
    "criteria": {
      "has_flower": "2024-07-12 02:35:12 +0000"
    },
    "done": true
  },
  "biomesoplenty:recipes/redstone/redwood_button": {
    "criteria": {
      "has_planks": "2024-07-12 02:39:08 +0000"
    },
    "done": true
  },
  "farmersdelight:recipes/cooking/pumpkin_soup": {
    "criteria": {
      "has_any_ingredient": "2024-07-12 02:41:58 +0000"
    },
    "done": true
  },
  "dyenamics:recipes/misc/bed/bubblegum_bed_frm_white_bed": {
    "criteria": {
      "has_white_bed": "2024-07-12 02:40:52 +0000"
    },
    "done": true
  },
  "enderio:recipes/misc/stick": {
    "criteria": {
      "has_ingredient": "2024-07-12 02:38:14 +0000"
    },
    "done": true
  },
  "twigs:recipes/lamps/lamp": {
    "criteria": {
      "has_item": "2024-07-12 02:39:23 +0000"
    },
    "done": true
  },
  "apotheosis:affix/root": {
    "criteria": {
      "sword": "2024-07-12 02:41:59 +0000"
    },
    "done": true
  },
  "pneumaticcraft:recipes/misc/air_compressor": {
    "criteria": {
      "has_pressure_tube": "2024-07-12 02:43:33 +0000"
    },
    "done": true
  },
  "aquaculture:recipes/misc/tin_can_to_iron_nugget_from_blasting": {
    "criteria": {
      "has_items": "2024-07-12 02:35:12 +0000"
    },
    "done": true
  },
  "handcrafted:recipes/misc/tropical_fish_trophy": {
    "criteria": {
      "has_tropical_fish_trophy": "2024-07-12 02:39:08 +0000"
    },
    "done": true
  },
  "create:recipes/misc/crafting/materials/sand_paper": {
    "criteria": {
      "has_item": "2024-07-12 02:43:35 +0000"
    },
    "done": true
  },
  "cfm:recipes/decorations/stripped_oak_coffee_table": {
    "criteria": {
      "has_planks": "2024-07-12 02:44:55 +0000"
    },
    "done": true
  },
  "supplementaries:recipes/flags/flag_blue": {
    "criteria": {
      "has_stick": "2024-07-12 02:39:35 +0000"
    },
    "done": true
  },
  "mcwbridges:recipes/cobblestone_bridge": {
    "criteria": {
      "has_planks": "2024-07-12 02:41:39 +0000"
    },
    "done": true
  },
  "totw_modded:root": {
    "criteria": {
      "sample_trigger": "2024-07-12 02:35:12 +0000"
    },
    "done": true
  },
  "mcwwindows:recipes/andesite": {
    "criteria": {
      "has_the_recipe": "2024-07-12 02:44:55 +0000"
    },
    "done": true
  },
  "aquaculture:recipes/aquaculture/redstone_hook": {
    "criteria": {
      "has_items": "2024-07-12 02:35:12 +0000"
    },
    "done": true
  },
  "mcwbridges:recipes/oak_bridge_pier": {
    "criteria": {
      "has_planks": "2024-07-12 02:44:55 +0000"
    },
    "done": true
  },
  "securitycraft:recipes/redstone/reinforced_warped_fence_gate": {
    "criteria": {
      "has_stick": "2024-07-12 02:39:35 +0000"
    },
    "done": true
  },
  "enderio:recipes/misc/black_paper": {
    "criteria": {
      "has_ingredient": "2024-07-12 02:43:35 +0000"
    },
    "done": true
  },
  "additionallanterns:recipes/misc/normal_nether_bricks_lantern": {
    "criteria": {
      "recipe_condition": "2024-07-12 02:39:23 +0000"
    },
    "done": true
  },
  "aquaculture:recipes/aquaculture/bobber": {
    "criteria": {
      "has_items": "2024-07-12 02:35:12 +0000"
    },
    "done": true
  },
  "corail_woodcutter:recipes/biomesoplenty/from_dead_planks": {
    "criteria": {
      "has_ingredient": "2024-07-12 02:35:12 +0000"
    },
    "done": true
  },
  "aquaculture:recipes/food/cooked_fish_fillet_from_smoking": {
    "criteria": {
      "has_items": "2024-07-12 02:35:12 +0000"
    },
    "done": true
  },
  "farmersdelight:main/root": {
    "criteria": {
      "seeds": "2024-07-12 02:35:12 +0000"
    },
    "done": true
  },
  "dyenamics:recipes/misc/bed/conifer_bed_frm_white_bed": {
    "criteria": {
      "has_white_bed": "2024-07-12 02:40:52 +0000"
    },
    "done": true
  },
  "securitycraft:recipes/misc/reinforced_mangrove_fence": {
    "criteria": {
      "has_stick": "2024-07-12 02:39:35 +0000"
    },
    "done": true
  },
  "securitycraft:recipes/building_blocks/reinforced_diorite": {
    "criteria": {
      "has_cobblestone": "2024-07-12 02:41:39 +0000"
    },
    "done": true
  },
  "bigreactors:recipes/misc/smelting/graphite_from_charcoal": {
    "criteria": {
      "has_item": "2024-07-12 02:48:54 +0000"
    },
    "done": true
  },
  "utilitarian:recipes/misc/no_soliciting/restraining_order": {
    "criteria": {
      "has_paper": "2024-07-12 02:43:35 +0000"
    },
    "done": true
  },
  "minecraft:recipes/decorations/cartography_table": {
    "criteria": {
      "has_paper": "2024-07-12 02:43:35 +0000"
    },
    "done": true
  },
  "farmersdelight:recipes/decorations/cutting_board": {
    "criteria": {
      "has_stick": "2024-07-12 02:39:35 +0000"
    },
    "done": true
  },
  "mcwdoors:recipes/oak": {
    "criteria": {
      "has_wood": "2024-07-12 02:44:55 +0000"
    },
    "done": true
  },
  "securitycraft:recipes/misc/reinforced_spruce_fence": {
    "criteria": {
      "has_stick": "2024-07-12 02:39:35 +0000"
    },
    "done": true
  },
  "mcwlights:recipes/lantern": {
    "criteria": {
      "has_wood": "2024-07-12 02:39:23 +0000"
    },
    "done": true
  },
  "securitycraft:recipes/redstone/reinforced_birch_fence_gate": {
    "criteria": {
      "has_stick": "2024-07-12 02:39:35 +0000"
    },
    "done": true
  },
  "croptopia:recipes/pork_jerky": {
    "criteria": {
      "has_pork": "2024-07-12 02:41:58 +0000"
    },
    "done": true
  },
  "alchemistry:recipes/dissolver/cobblestone_slab": {
    "criteria": {
      "has_the_recipe": "2024-07-12 02:41:39 +0000"
    },
    "done": true
  },
  "dyenamics:recipes/misc/banner/amber_banner": {
    "criteria": {
      "has_stick": "2024-07-12 02:39:35 +0000"
    },
    "done": true
  },
  "paraglider:root": {
    "criteria": {
      "crafting_table": "2024-07-12 02:39:12 +0000"
    },
    "done": true
  },
  "pneumaticcraft:recipes/misc/charging_station": {
    "criteria": {
      "has_pressure_tube": "2024-07-12 02:43:33 +0000"
    },
    "done": true
  },
  "aquaculture:recipes/aquaculture/heavy_hook": {
    "criteria": {
      "has_items": "2024-07-12 02:35:12 +0000"
    },
    "done": true
  },
  "mcwfences:recipes/dark_oak": {
    "criteria": {
      "has_dark_oak": "2024-07-12 02:35:12 +0000"
    },
    "done": true
  },
  "create:root": {
    "criteria": {
      "0": "2024-07-12 02:35:12 +0000"
    },
    "done": true
  },
  "biomesoplenty:recipes/decorations/redwood_sign": {
    "criteria": {
      "has_redwood_planks": "2024-07-12 02:39:08 +0000"
    },
    "done": true
  },
  "corail_woodcutter:recipes/from_acacia_planks": {
    "criteria": {
      "has_ingredient": "2024-07-12 02:35:12 +0000"
    },
    "done": true
  },
  "cfm:recipes/decorations/stripped_oak_kitchen_drawer": {
    "criteria": {
      "has_log": "2024-07-12 02:44:55 +0000"
    },
    "done": true
  },
  "utilitix:recipes/misc/weak_redstone_torch": {
    "criteria": {
      "criterion1": "2024-07-12 02:39:35 +0000"
    },
    "done": true
  },
  "supplementaries:recipes/daub_cross_brace": {
    "criteria": {
      "forge:rods/wooden": "2024-07-12 02:39:35 +0000"
    },
    "done": true
  },
  "utilitarian:recipes/misc/no_soliciting/soliciting_carpets/cyan_soliciting_carpet": {
    "criteria": {
      "has_flower": "2024-07-12 02:35:12 +0000"
    },
    "done": true
  },
  "corail_woodcutter:recipes/from_jungle_planks": {
    "criteria": {
      "has_ingredient": "2024-07-12 02:35:12 +0000"
    },
    "done": true
  },
  "farmersdelight:recipes/food/cooked_bacon_from_smoking": {
    "criteria": {
      "cooked_bacon": "2024-07-12 02:41:58 +0000"
    },
    "done": true
  },
  "securitycraft:recipes/redstone/reinforced_bamboo_fence_gate": {
    "criteria": {
      "has_stick": "2024-07-12 02:39:35 +0000"
    },
    "done": true
  },
  "minecraft:recipes/food/cooked_porkchop": {
    "criteria": {
      "has_porkchop": "2024-07-12 02:41:58 +0000"
    },
    "done": true
  },
  "utilitarian:recipes/misc/no_soliciting/soliciting_carpets/white_soliciting_carpet": {
    "criteria": {
      "has_flower": "2024-07-12 02:35:12 +0000"
    },
    "done": true
  },
  "rftoolsbase:recipes/rftoolsbase/crafting_card": {
    "criteria": {
      "crafter": "2024-07-12 02:39:12 +0000"
    },
    "done": true
  },
  "cfm:recipes/decorations/oak_blinds": {
    "criteria": {
      "has_log": "2024-07-12 02:44:55 +0000"
    },
    "done": true
  },
  "utilitarian:recipes/misc/utility/oak_logs_to_stairs": {
    "criteria": {
      "has_log": "2024-07-12 02:44:55 +0000"
    },
    "done": true
  },
  "supplementaries:recipes/timber_brace": {
    "criteria": {
      "forge:rods/wooden": "2024-07-12 02:39:35 +0000"
    },
    "done": true
  },
  "ae2wtlib:recipes/wireless_pattern_access_terminal": {
    "criteria": {
      "has_wt": "2024-07-12 02:35:12 +0000"
    },
    "done": true
  },
  "dyenamics:recipes/misc/bed/lavender_bed": {
    "criteria": {
      "has_plank": "2024-07-12 02:39:08 +0000"
    },
    "done": true
  },
  "naturescompass:natures_compass_sapling": {
    "criteria": {
      "has_recipe": "2024-07-12 02:38:14 +0000"
    },
    "done": true
  },
  "dyenamics:recipes/misc/banner/aquamarine_banner": {
    "criteria": {
      "has_stick": "2024-07-12 02:39:35 +0000"
    },
    "done": true
  },
  "paraglider:recipes/misc/paraglider": {
    "criteria": {
      "has_stick": "2024-07-12 02:39:35 +0000"
    },
    "done": true
  },
  "aquaculture:recipes/decorations/acacia_fish_mount": {
    "criteria": {
      "has_items": "2024-07-12 02:35:12 +0000"
    },
    "done": true
  },
  "supplementaries:recipes/flags/flag_black": {
    "criteria": {
      "has_stick": "2024-07-12 02:39:35 +0000"
    },
    "done": true
  },
  "cfm:recipes/decorations/oak_table": {
    "criteria": {
      "has_log": "2024-07-12 02:44:55 +0000"
    },
    "done": true
  },
  "pneumaticcraft:recipes/misc/air_grate_module": {
    "criteria": {
      "has_pressure_tube": "2024-07-12 02:43:33 +0000"
    },
    "done": true
  },
  "minecraft:recipes/building_blocks/oak_planks": {
    "criteria": {
      "has_logs": "2024-07-12 02:44:55 +0000"
    },
    "done": true
  },
  "utilitarian:recipes/misc/utility/oak_logs_to_boats": {
    "criteria": {
      "has_log": "2024-07-12 02:44:55 +0000"
    },
    "done": true
  },
  "minecraft:recipes/decorations/cobblestone_wall_from_cobblestone_stonecutting": {
    "criteria": {
      "has_cobblestone": "2024-07-12 02:41:39 +0000"
    },
    "done": true
  },
  "dyenamics:recipes/misc/bed/maroon_bed": {
    "criteria": {
      "has_plank": "2024-07-12 02:39:08 +0000"
    },
    "done": true
  },
  "securitycraft:recipes/misc/reinforced_crimson_fence": {
    "criteria": {
      "has_stick": "2024-07-12 02:39:35 +0000"
    },
    "done": true
  },
  "dyenamics:recipes/misc/banner/wine_banner": {
    "criteria": {
      "has_stick": "2024-07-12 02:39:35 +0000"
    },
    "done": true
  },
  "cfm:recipes/decorations/oak_kitchen_counter": {
    "criteria": {
      "has_log": "2024-07-12 02:44:55 +0000"
    },
    "done": true
  },
  "corail_woodcutter:recipes/biomesoplenty/from_magic_planks": {
    "criteria": {
      "has_ingredient": "2024-07-12 02:35:12 +0000"
    },
    "done": true
  },
  "minecraft:recipes/misc/iron_nugget_from_smelting": {
    "criteria": {
      "has_iron_pickaxe": "2024-07-12 02:41:59 +0000"
    },
    "done": true
  },
  "undergarden:recipes/combat/slingshot": {
    "criteria": {
      "has_stick": "2024-07-12 02:39:35 +0000"
    },
    "done": true
  },
  "naturesaura:positive_imbalance": {
    "criteria": {
      "triggered_in_code": "2024-07-12 02:33:15 +0000"
    },
    "done": true
  },
  "cfm:recipes/decorations/stripped_oak_desk_cabinet": {
    "criteria": {
      "has_planks": "2024-07-12 02:44:55 +0000"
    },
    "done": true
  },
  "blue_skies:recipes/building_blocks/food_prep_table": {
    "criteria": {
      "has_item": "2024-07-12 02:43:47 +0000"
    },
    "done": true
  },
  "additionallanterns:recipes/misc/mossy_cobblestone_lantern": {
    "criteria": {
      "recipe_condition": "2024-07-12 02:39:23 +0000"
    },
    "done": true
  },
  "supplementaries:recipes/faucet": {
    "criteria": {
      "forge:rods/wooden": "2024-07-12 02:39:35 +0000"
    },
    "done": true
  },
  "dyenamics:recipes/misc/bed/honey_bed": {
    "criteria": {
      "has_plank": "2024-07-12 02:39:08 +0000"
    },
    "done": true
  },
  "theurgy:book_root": {
    "criteria": {
      "theurgy_present": "2024-07-12 02:31:18 +0000"
    },
    "done": true
  },
  "mcwfences:recipes/sandstone": {
    "criteria": {
      "has_sand": "2024-07-12 02:35:12 +0000"
    },
    "done": true
  },
  "pneumaticcraft:recipes/misc/classify_filter": {
    "criteria": {
      "has_logistics_core": "2024-07-12 02:43:32 +0000"
    },
    "done": true
  },
  "mcwfences:recipes/acacia": {
    "criteria": {
      "has_acacia": "2024-07-12 02:35:12 +0000"
    },
    "done": true
  },
  "supplementaries:recipes/bed_from_feather_block": {
    "criteria": {
      "minecraft:planks": "2024-07-12 02:39:08 +0000"
    },
    "done": true
  },
  "cfm:recipes/decorations/stripped_oak_cabinet": {
    "criteria": {
      "has_log": "2024-07-12 02:44:55 +0000"
    },
    "done": true
  },
  "mcwfences:recipes/oak": {
    "criteria": {
      "has_oak": "2024-07-12 02:35:12 +0000"
    },
    "done": true
  },
  "create:recipes/misc/crafting/schematics/empty_schematic": {
    "criteria": {
      "has_item": "2024-07-12 02:43:35 +0000"
    },
    "done": true
  },
  "twigs:recipes/cobblestone_bricks/cobblestone_brick_slab_from_cobblestone_stonecutting": {
    "criteria": {
      "has_item": "2024-07-12 02:41:39 +0000"
    },
    "done": true
  },
  "utilitix:recipes/misc/highspeed_rail": {
    "criteria": {
      "criterion1": "2024-07-12 02:39:35 +0000"
    },
    "done": true
  },
  "securitycraft:recipes/misc/reinforced_warped_fence": {
    "criteria": {
      "has_stick": "2024-07-12 02:39:35 +0000"
    },
    "done": true
  },
  "dyenamics:recipes/misc/bed/aquamarine_bed_frm_white_bed": {
    "criteria": {
      "has_white_bed": "2024-07-12 02:40:52 +0000"
    },
    "done": true
  },
  "supplementaries:recipes/flags/flag_light_blue": {
    "criteria": {
      "has_stick": "2024-07-12 02:39:35 +0000"
    },
    "done": true
  },
  "mcwtrpdoors:recipes/oak/oak_four_panel_trapdoor": {
    "criteria": {
      "has_logs": "2024-07-12 02:44:55 +0000"
    },
    "done": true
  },
  "buildinggadgets2:recipes/misc/template_manager": {
    "criteria": {
      "has_paper": "2024-07-12 02:43:35 +0000"
    },
    "done": true
  },
  "handcrafted:recipes/misc/spider_trophy": {
    "criteria": {
      "has_spider_trophy": "2024-07-12 02:39:08 +0000"
    },
    "done": true
  },
  "additionallanterns:recipes/misc/stone_bricks_lantern": {
    "criteria": {
      "recipe_condition": "2024-07-12 02:39:23 +0000"
    },
    "done": true
  },
  "dyenamics:recipes/misc/banner/rose_banner": {
    "criteria": {
      "has_stick": "2024-07-12 02:39:35 +0000"
    },
    "done": true
  },
  "mcwlights:recipes/paper_lamp": {
    "criteria": {
      "has_wood": "2024-07-12 02:39:23 +0000"
    },
    "done": true
  },
  "corail_woodcutter:recipes/from_warped_planks": {
    "criteria": {
      "has_ingredient": "2024-07-12 02:35:12 +0000"
    },
    "done": true
  },
  "corail_woodcutter:recipes/biomesoplenty/from_jacaranda_planks": {
    "criteria": {
      "has_ingredient": "2024-07-12 02:35:12 +0000"
    },
    "done": true
  },
  "cfm:recipes/decorations/oak_park_bench": {
    "criteria": {
      "has_log": "2024-07-12 02:44:55 +0000"
    },
    "done": true
  },
  "utilitix:recipes/misc/comparator_redirector_down": {
    "criteria": {
      "criterion1": "2024-07-12 02:41:39 +0000"
    },
    "done": true
  },
  "aquaculture:recipes/tools/diamond_fishing_rod": {
    "criteria": {
      "has_vanilla_rod": "2024-07-12 02:35:12 +0000"
    },
    "done": true
  },
  "dyenamics:recipes/misc/bed/wine_bed": {
    "criteria": {
      "has_plank": "2024-07-12 02:39:08 +0000"
    },
    "done": true
  },
  "additionallanterns:recipes/misc/copper_lantern": {
    "criteria": {
      "recipe_condition": "2024-07-12 02:39:23 +0000"
    },
    "done": true
  },
  "dyenamics:recipes/misc/bed/icy_blue_bed_frm_white_bed": {
    "criteria": {
      "has_white_bed": "2024-07-12 02:40:52 +0000"
    },
    "done": true
  },
  "mcwbridges:recipes/balustrade_cobblestone_bridge": {
    "criteria": {
      "has_planks": "2024-07-12 02:41:39 +0000"
    },
    "done": true
  },
  "dyenamics:recipes/misc/bed/spring_green_bed_frm_white_bed": {
    "criteria": {
      "has_white_bed": "2024-07-12 02:40:52 +0000"
    },
    "done": true
  },
  "dyenamics:recipes/misc/banner/icy_blue_banner": {
    "criteria": {
      "has_stick": "2024-07-12 02:39:35 +0000"
    },
    "done": true
  },
  "supplementaries:recipes/flags/flag_red": {
    "criteria": {
      "has_stick": "2024-07-12 02:39:35 +0000"
    },
    "done": true
  },
  "artifacts:amateur_archaeologist": {
    "criteria": {
      "find_artifact": "2024-07-12 02:42:00 +0000"
    },
    "done": true
  },
  "mcwpaths:recipes/cobblestone": {
    "criteria": {
      "has_wood": "2024-07-12 02:41:39 +0000"
    },
    "done": true
  },
  "dyenamics:recipes/misc/bed/rose_bed": {
    "criteria": {
      "has_plank": "2024-07-12 02:39:08 +0000"
    },
    "done": true
  },
  "dyenamics:recipes/misc/bed/spring_green_bed": {
    "criteria": {
      "has_plank": "2024-07-12 02:39:08 +0000"
    },
    "done": true
  },
  "aquaculture:recipes/misc/tin_can_to_iron_nugget": {
    "criteria": {
      "has_items": "2024-07-12 02:35:12 +0000"
    },
    "done": true
  },
  "handcrafted:recipes/misc/wither_skeleton_trophy": {
    "criteria": {
      "has_wither_skeleton_trophy": "2024-07-12 02:39:08 +0000"
    },
    "done": true
  },
  "mcwwindows:recipes/warped": {
    "criteria": {
      "has_the_recipe": "2024-07-12 02:44:55 +0000"
    },
    "done": true
  },
  "ae2wtlib:recipes/magnet_card": {
    "criteria": {
      "has_wct": "2024-07-12 02:35:12 +0000"
    },
    "done": true
  },
  "supplementaries:recipes/lock_block": {
    "criteria": {
      "minecraft:planks": "2024-07-12 02:39:08 +0000"
    },
    "done": true
  },
  "sgjourney:recipes/misc/fire_pit": {
    "criteria": {
      "has_coal": "2024-07-12 02:48:54 +0000"
    },
    "done": true
  },
  "create:recipes/misc/crafting/appliances/crafting_blueprint": {
    "criteria": {
      "has_item": "2024-07-12 02:39:12 +0000"
    },
    "done": true
  },
  "aquaculture:recipes/misc/iron_nugget_from_smelting": {
    "criteria": {
      "has_fishing_rod": "2024-07-12 02:35:12 +0000",
      "has_fillet_knife": "2024-07-12 02:35:12 +0000"
    },
    "done": true
  },
  "mcwtrpdoors:recipes/oak/oak_paper_trapdoor": {
    "criteria": {
      "has_logs": "2024-07-12 02:44:55 +0000"
    },
    "done": true
  },
  "additionallanterns:recipes/misc/purpur_lantern": {
    "criteria": {
      "recipe_condition": "2024-07-12 02:39:23 +0000"
    },
    "done": true
  },
  "aquaculture:recipes/tools/golden_fishing_rod": {
    "criteria": {
      "has_vanilla_rod": "2024-07-12 02:35:12 +0000"
    },
    "done": true
  },
  "dyenamics:recipes/misc/bed/peach_bed_frm_white_bed": {
    "criteria": {
      "has_white_bed": "2024-07-12 02:40:52 +0000"
    },
    "done": true
  },
  "minecraft:recipes/building_blocks/cobblestone_slab_from_cobblestone_stonecutting": {
    "criteria": {
      "has_cobblestone": "2024-07-12 02:41:39 +0000"
    },
    "done": true
  },
  "cfm:recipes/decorations/oak_crate": {
    "criteria": {
      "has_log": "2024-07-12 02:44:55 +0000"
    },
    "done": true
  },
  "additionallanterns:recipes/misc/granite_lantern": {
    "criteria": {
      "recipe_condition": "2024-07-12 02:39:23 +0000"
    },
    "done": true
  },
  "minecraft:recipes/building_blocks/stone": {
    "criteria": {
      "has_cobblestone": "2024-07-12 02:41:39 +0000"
    },
    "done": true
  },
  "aether:recipes/tools/wooden_pickaxe_repairing": {
    "criteria": {
      "has_wooden_pickaxe": "2024-07-12 02:41:27 +0000"
    },
    "done": true
  },
  "mcwfences:recipes/nether": {
    "criteria": {
      "has_nether_brick": "2024-07-12 02:35:12 +0000"
    },
    "done": true
  },
  "handcrafted:recipes/misc/salmon_trophy": {
    "criteria": {
      "has_salmon_trophy": "2024-07-12 02:39:08 +0000"
    },
    "done": true
  },
  "croptopia:recipes/food/pork_jerky": {
    "criteria": {
      "has_the_recipe": "2024-07-12 02:41:58 +0000"
    },
    "done": true
  },
  "additionallanterns:recipes/misc/red_nether_bricks_lantern": {
    "criteria": {
      "recipe_condition": "2024-07-12 02:39:23 +0000"
    },
    "done": true
  },
  "silentgear:recipes/misc/stone_rod": {
    "criteria": {
      "has_item": "2024-07-12 02:41:39 +0000"
    },
    "done": true
  },
  "mcwfences:recipes/bamboo": {
    "criteria": {
      "has_bamboo": "2024-07-12 02:35:12 +0000"
    },
    "done": true
  },
  "ae2wtlib:recipes/wireless_universal_terminal/ce": {
    "criteria": {
      "has_wpt": "2024-07-12 02:35:12 +0000",
      "has_wct": "2024-07-12 02:35:12 +0000"
    },
    "done": true
  },
  "ae2wtlib:recipes/wireless_universal_terminal/ca": {
    "criteria": {
      "has_wit": "2024-07-12 02:35:12 +0000",
      "has_wct": "2024-07-12 02:35:12 +0000"
    },
    "done": true
  },
  "apotheosis:affix/rare": {
    "criteria": {
      "sword": "2024-07-12 02:43:33 +0000"
    },
    "done": true
  },
  "ae2wtlib:recipes/wireless_universal_terminal/ae": {
    "criteria": {
      "has_wit": "2024-07-12 02:35:12 +0000",
      "has_wpt": "2024-07-12 02:35:12 +0000"
    },
    "done": true
  },
  "cfm:recipes/decorations/oak_upgraded_gate": {
    "criteria": {
      "has_log": "2024-07-12 02:44:55 +0000"
    },
    "done": true
  },
  "sliceanddice:recipes/misc/slicer": {
    "criteria": {
      "has_tool": "2024-07-12 02:42:01 +0000"
    },
    "done": true
  },
  "supplementaries:recipes/slingshot": {
    "criteria": {
      "forge:rods/wooden": "2024-07-12 02:39:35 +0000"
    },
    "done": true
  },
  "supplementaries:recipes/candy": {
    "criteria": {
      "has_paper": "2024-07-12 02:43:35 +0000"
    },
    "done": true
  },
  "supplementaries:recipes/present": {
    "criteria": {
      "has_paper": "2024-07-12 02:43:35 +0000"
    },
    "done": true
  },
  "mcwwindows:recipes/stone": {
    "criteria": {
      "has_the_recipe": "2024-07-12 02:44:55 +0000"
    },
    "done": true
  },
  "mcwwindows:recipes/crimson": {
    "criteria": {
      "has_the_recipe": "2024-07-12 02:44:55 +0000"
    },
    "done": true
  },
  "aquaculture:recipes/misc/red_mushroom_from_fish": {
    "criteria": {
      "has_items": "2024-07-12 02:35:12 +0000"
    },
    "done": true
  },
  "additionallanterns:recipes/misc/warped_lantern": {
    "criteria": {
      "recipe_condition": "2024-07-12 02:39:23 +0000"
    },
    "done": true
  },
  "additionallanterns:recipes/misc/amethyst_lantern": {
    "criteria": {
      "recipe_condition": "2024-07-12 02:39:23 +0000"
    },
    "done": true
  },
  "immersiveengineering:recipes/misc/crafting/blueprint_molds": {
    "criteria": {
      "has_paper": "2024-07-12 02:43:35 +0000"
    },
    "done": true
  },
  "mcwfences:recipes/end": {
    "criteria": {
      "has_end_brick": "2024-07-12 02:35:12 +0000"
    },
    "done": true
  },
  "domum_ornamentum:recipes/tools/blue_cobblestone_extra": {
    "criteria": {
      "has_material": "2024-07-12 02:41:39 +0000"
    },
    "done": true
  },
  "silentgear:recipes/misc/rough_rod": {
    "criteria": {
      "has_item": "2024-07-12 02:39:35 +0000"
    },
    "done": true
  },
  "additionallanterns:recipes/misc/red_sandstone_lantern": {
    "criteria": {
      "recipe_condition": "2024-07-12 02:39:23 +0000"
    },
    "done": true
  },
  "dyenamics:recipes/misc/bed/rose_bed_frm_white_bed": {
    "criteria": {
      "has_white_bed": "2024-07-12 02:40:52 +0000"
    },
    "done": true
  },
  "supplementaries:recipes/flags/flag_brown": {
    "criteria": {
      "has_stick": "2024-07-12 02:39:35 +0000"
    },
    "done": true
  },
  "farmersdelight:recipes/combat/flint_knife": {
    "criteria": {
      "has_stick": "2024-07-12 02:39:35 +0000"
    },
    "done": true
  },
  "additionallanterns:recipes/misc/normal_sandstone_lantern": {
    "criteria": {
      "recipe_condition": "2024-07-12 02:39:23 +0000"
    },
    "done": true
  },
  "additionallanterns:recipes/misc/prismarine_lantern": {
    "criteria": {
      "recipe_condition": "2024-07-12 02:39:23 +0000"
    },
    "done": true
  },
  "railcraft:recipes/blast_furnace/blasting_iron_leggings": {
    "criteria": {
      "has_iron_leggings": "2024-07-12 02:48:50 +0000"
    },
    "done": true
  },
  "lootr:root": {
    "criteria": {
      "always_true": "2024-07-12 02:31:18 +0000"
    },
    "done": true
  },
  "mcwfences:recipes/blackstone": {
    "criteria": {
      "has_blackstone": "2024-07-12 02:35:12 +0000"
    },
    "done": true
  },
  "pneumaticcraft:recipes/misc/logistics_module": {
    "criteria": {
      "has_logistics_core": "2024-07-12 02:43:32 +0000"
    },
    "done": true
  },
  "minecraft:husbandry/root": {
    "criteria": {
      "consumed_item": "2024-07-12 02:41:08 +0000"
    },
    "done": true
  },
  "apotheosis:affix/chests": {
    "criteria": {
      "sword": "2024-07-12 02:41:59 +0000"
    },
    "done": true
  },
  "cataclysm:root": {
    "criteria": {
      "custom_test_name": "2024-07-12 02:31:18 +0000"
    },
    "done": true
  },
  "biomesoplenty:recipes/redstone/redwood_door": {
    "criteria": {
      "has_planks": "2024-07-12 02:39:08 +0000"
    },
    "done": true
  },
  "forbidden_arcanus:recipes/tools/wooden_blacksmith_gavel": {
    "criteria": {
      "has_planks": "2024-07-12 02:39:08 +0000"
    },
    "done": true
  },
  "alchemistry:recipes/dissolver/charcoal": {
    "criteria": {
      "has_the_recipe": "2024-07-12 02:38:14 +0000"
    },
    "done": true
  },
  "utilitarian:recipes/misc/no_soliciting/soliciting_carpets/gray_soliciting_carpet": {
    "criteria": {
      "has_flower": "2024-07-12 02:35:12 +0000"
    },
    "done": true
  },
  "securitycraft:recipes/misc/reinforced_cherry_fence": {
    "criteria": {
      "has_stick": "2024-07-12 02:39:35 +0000"
    },
    "done": true
  },
  "biomesoplenty:recipes/building_blocks/redwood_slab": {
    "criteria": {
      "has_planks": "2024-07-12 02:39:08 +0000"
    },
    "done": true
  },
  "supplementaries:recipes/daub_frame": {
    "criteria": {
      "forge:rods/wooden": "2024-07-12 02:39:35 +0000"
    },
    "done": true
  },
  "dyenamics:recipes/misc/banner/mint_banner": {
    "criteria": {
      "has_stick": "2024-07-12 02:39:35 +0000"
    },
    "done": true
  },
  "aquaculture:recipes/misc/gold_nugget_from_gold_fish": {
    "criteria": {
      "has_items": "2024-07-12 02:35:12 +0000"
    },
    "done": true
  },
  "supplementaries:recipes/flags/flag_yellow": {
    "criteria": {
      "has_stick": "2024-07-12 02:39:35 +0000"
    },
    "done": true
  },
  "cfm:recipes/decorations/stripped_oak_chair": {
    "criteria": {
      "has_planks": "2024-07-12 02:44:55 +0000"
    },
    "done": true
  },
  "mcwbridges:recipes/cobblestone_bridge_stair": {
    "criteria": {
      "has_planks": "2024-07-12 02:41:39 +0000"
    },
    "done": true
  },
  "farmersdelight:recipes/food/stuffed_potato": {
    "criteria": {
      "has_baked_potato": "2024-07-12 02:40:43 +0000"
    },
    "done": true
  },
  "minecraft:recipes/misc/iron_nugget_from_blasting": {
    "criteria": {
      "has_iron_pickaxe": "2024-07-12 02:41:59 +0000"
    },
    "done": true
  },
  "corail_woodcutter:recipes/biomesoplenty/from_fir_planks": {
    "criteria": {
      "has_ingredient": "2024-07-12 02:35:12 +0000"
    },
    "done": true
  },
  "aquaculture:recipes/misc/iron_nugget_from_blasting": {
    "criteria": {
      "has_fishing_rod": "2024-07-12 02:35:12 +0000",
      "has_fillet_knife": "2024-07-12 02:35:12 +0000"
    },
    "done": true
  },
  "corail_woodcutter:recipes/from_spruce_planks": {
    "criteria": {
      "has_ingredient": "2024-07-12 02:35:12 +0000"
    },
    "done": true
  },
  "DataVersion": 3465
}